FID,Join_Count,TARGET_FID,OBJECTID,LINE_ID,TYPE,CALC_LENGT,DIAMETER,DRAINAGE_A,FLOW_RATE,LENGTH,WIDTH,HEIGHT,SLOPE,ROUGHNESS,VELOCITY,UPSTREAMNO,DOWNSTREAM,UPSTREAM_1,DOWNSTRE_1,FILENUM,INSTALL_DA,LIFE_CYCLE,OWNER,DATA_SOURC,CREATED_BY,LAST_EDITE,LAST_EDI_1,ENABLED,TYPE_USE,SHAPESTLen,ORIG_FID,POINT_X,POINT_Y,OBJECTID_2,NODE_ID,TYPE_1,DRAINAGE_1,FLOW_RATE_,POINT_X_1,POINT_Y_1,CATCHMENT_,TOP_ELEV,INVELEV1,INVELEV2,INVELEV3,INVELEV4,NET_ROLE,HIST_STRU_,FILENUM_1,INSTALL__1,LIFE_CYC_1,OWNER_1,DATA_SOU_1,CREATED__1,LAST_EDI_2,LAST_EDI_3,DA_SRC_STR,ENABLED_1,ANCILLARYR,OUTFALL,SWID,TYPE_USE_1,RASTERVALU
0,1,1,3013,16127,Reinforced Concrete Pipe,51.205695939999998,18, , ,51.206000, , , , , , , , , ,Pre-SWQDC, ,"Constructed, existing ROW",City and County of Honolulu,Pre-SWQDC,Pre-SWQDC,jnolan, ,True, ,51.205695942799998,5,-157.752900786999987,21.293092680400001,32776,20491,Man Hole, , ,-157.752915193000007,21.293096103200000,5, , , , , , , ,Pre-SWQDC, ,"Constructed, existing ROW",City and County of Honolulu,Pre-SWQDC,Pre-SWQDC,jnolan, , ,True,None,HWES 14,HWES 14-20491, ,273.1549988
1,1,2,3013,16127,Reinforced Concrete Pipe,51.205695939999998,18, , ,51.206000, , , , , , , , , ,Pre-SWQDC, ,"Constructed, existing ROW",City and County of Honolulu,Pre-SWQDC,Pre-SWQDC,jnolan, ,True, ,51.205695942799998,5,-157.753042805000007,21.293139108799998,13293,20490,Inlet/Outlet, , ,-157.753057210999998,21.293142531600001, , , , , , , ,HWES 14,Pre-SWQDC, ,"Constructed, existing ROW",City and County of Honolulu,Pre-SWQDC,Pre-SWQDC,jnolan,End of RCP; edited by FILENUM 18150, ,True,None,HWES 14,HWES 14-20490, ,264.7730103
2,1,3,3014,16129,Reinforced Concrete Pipe,78.851542390000006,18, , ,78.852000, , , , , , , , , ,Pre-SWQDC, ,"Constructed, existing ROW",City and County of Honolulu,Pre-SWQDC,Pre-SWQDC,jnolan, ,True, ,78.851542394700004,6,-157.752683917000013,21.293016461000001,25419,20493,Man Hole, , ,-157.752698323000004,21.293019884800000,4.1, , , , , , , ,Pre-SWQDC, ,"Constructed, existing ROW",City and County of Honolulu,Pre-SWQDC,Pre-SWQDC,jnolan, , ,True,None,HWES 14,HWES 14-20493, ,285.7869873
3,1,4,3014,16129,Reinforced Concrete Pipe,78.851542390000006,18, , ,78.852000, , , , , , , , , ,Pre-SWQDC, ,"Constructed, existing ROW",City and County of Honolulu,Pre-SWQDC,Pre-SWQDC,jnolan, ,True, ,78.851542394700004,6,-157.752900786999987,21.293092680400001,32776,20491,Man Hole, , ,-157.752915193000007,21.293096103200000,5, , , , , , , ,Pre-SWQDC, ,"Constructed, existing ROW",City and County of Honolulu,Pre-SWQDC,Pre-SWQDC,jnolan, , ,True,None,HWES 14,HWES 14-20491, ,273.1549988
4,1,5,3202,18945,Reinforced Concrete Pipe,298.103502310000010,30, , ,298.106000, , , , , , , , , ,Pre-SWQDC, ,"Constructed, existing ROW",City and County of Honolulu,Pre-SWQDC,Pre-SWQDC,jnolan, ,True, ,298.103502310000010,27,-157.755321557999991,21.283772605799999,30880,22235,Man Hole, , ,-157.755335965000000,21.283776029500000,5.9, , , , , , , ,Pre-SWQDC, ,"Constructed, existing ROW",City and County of Honolulu,Pre-SWQDC,Pre-SWQDC,jnolan, , ,True,None,HWES 35,HWES 35-22235, ,37.1530991
5,1,9,3202,18945,Reinforced Concrete Pipe,298.103502310000010,30, , ,298.106000, , , , , , , , , ,Pre-SWQDC, ,"Constructed, existing ROW",City and County of Honolulu,Pre-SWQDC,Pre-SWQDC,jnolan, ,True, ,298.103502310000010,27,-157.754519159000012,21.284101063400001,8634,22222,Man Hole, , ,-157.754533565000003,21.284104487099999,4.800000, , , , , , , ,Pre-SWQDC, ,"Constructed, existing ROW",City and County of Honolulu,Pre-SWQDC,Pre-SWQDC,jnolan, , ,True,None,HWES 35,HWES 35-22222, ,24.5702991
6,1,10,3203,18946,Reinforced Concrete Pipe,87.996233380000007,30, , ,87.996000, , , , , , , , , ,Pre-SWQDC, ,"Constructed, existing ROW",City and County of Honolulu,Pre-SWQDC,Pre-SWQDC,jnolan, ,True, ,87.996233377300001,28,-157.755542741999989,21.283897927200002,52989,22231,Catch Basin, , ,-157.755557148000008,21.283901351000001,5.600000, , , , , , ,HWES 35-3,Pre-SWQDC, ,"Constructed, existing ROW",City and County of Honolulu,Pre-SWQDC,Pre-SWQDC,jnolan, , ,True,None,HWES 35,HWES 35-22231, ,41.2104988
7,1,12,3203,18946,Reinforced Concrete Pipe,87.996233380000007,30, , ,87.996000, , , , , , , , , ,Pre-SWQDC, ,"Constructed, existing ROW",City and County of Honolulu,Pre-SWQDC,Pre-SWQDC,jnolan, ,True, ,87.996233377300001,28,-157.755321557999991,21.283772605799999,30880,22235,Man Hole, , ,-157.755335965000000,21.283776029500000,5.9, , , , , , , ,Pre-SWQDC, ,"Constructed, existing ROW",City and County of Honolulu,Pre-SWQDC,Pre-SWQDC,jnolan, , ,True,None,HWES 35,HWES 35-22235, ,37.1530991
8,1,13,3204,18949,Reinforced Concrete Pipe,128.996357179999990,24, , ,128.997000, , , , , , , , , ,Pre-SWQDC, ,"Constructed, existing ROW",City and County of Honolulu,Pre-SWQDC,Pre-SWQDC,jnolan, ,True, ,128.996357179000000,29,-157.749385729000011,21.284077800700000,18889,22223,Man Hole, , ,-157.749400135000002,21.284081224400001,3.700000, , , , , , , ,Pre-SWQDC, ,"Constructed, existing ROW",City and County of Honolulu,Pre-SWQDC,Pre-SWQDC,jnolan, , ,True,None,HWES 38,HWES 38-22223, ,173.8470001
9,1,15,3204,18949,Reinforced Concrete Pipe,128.996357179999990,24, , ,128.997000, , , , , , , , , ,Pre-SWQDC, ,"Constructed, existing ROW",City and County of Honolulu,Pre-SWQDC,Pre-SWQDC,jnolan, ,True, ,128.996357179000000,29,-157.749456076000001,21.283728871800001,31846,22237,Man Hole, , ,-157.749470483000010,21.283732295499998,6.5, , , , , , , ,Pre-SWQDC, ,"Constructed, existing ROW",City and County of Honolulu,Pre-SWQDC,Pre-SWQDC,jnolan, , ,True,None,HWES 38,HWES 38-22237, ,148.4969940
10,1,16,3254,19141,Reinforced Concrete Pipe,231.123778939999994,30, , ,231.127000, , , , , , , , , ,Pre-SWQDC, ,"Constructed, existing ROW",City and County of Honolulu,Pre-SWQDC,Pre-SWQDC,jnolan, ,True, ,231.123778942000001,39,-157.749837337999992,21.283627674700000,57492,22241,Man Hole, , ,-157.749851745000001,21.283631098400001,5.200000, , , , , , , ,Pre-SWQDC, ,"Constructed, existing ROW",City and County of Honolulu,Pre-SWQDC,Pre-SWQDC,jnolan, , ,True,None,HWES 38,HWES 38-22241, ,122.0329971
11,1,19,3254,19141,Reinforced Concrete Pipe,231.123778939999994,30, , ,231.127000, , , , , , , , , ,Pre-SWQDC, ,"Constructed, existing ROW",City and County of Honolulu,Pre-SWQDC,Pre-SWQDC,jnolan, ,True, ,231.123778942000001,39,-157.750496620999996,21.283476005800001,46468,22248,Man Hole, , ,-157.750511026999988,21.283479429500002,4.100000, , , , , , ,HWES 38-5-1,Pre-SWQDC, ,"Constructed, existing ROW",City and County of Honolulu,Pre-SWQDC,Pre-SWQDC,jnolan, , ,True,None,HWES 38,HWES 38-22248, ,79.8308029
12,1,20,4175,16754,Ditch,108.364282630000005, , , ,120.287000,48, , , , , , , , ,Pre-SWQDC, , ,State of Hawaii,Pre-SWQDC,Pre-SWQDC,jnolan,TYPE=State DOT Concrete Ditch; OWNERSHIP taken from Streets; edited by FILENUM 18152,True, ,108.364282631999998,64,-157.761061267999992,21.276636112199999,1956,22630,Inlet/Outlet, , ,-157.761075674000011,21.276639536800001, , , , , , , , ,Pre-SWQDC, ,"Constructed, existing ROW",State of Hawaii,Pre-SWQDC,Pre-SWQDC,jnolan,Connection between State DOT Concrete Ditches and State DOT RCPs; OWNERSHIP taken from Streets; edited by FILENUM 18152, ,True,None,HMB 35,HMB 35-22630, ,25.9386997
13,1,22,4326,16790,Reinforced Concrete Pipe,41.459795530000001,18, , ,41.460000, , , , , , , , , ,Pre-SWQDC, ,"Constructed, existing ROW",City and County of Honolulu,Pre-SWQDC,Pre-SWQDC,jnolan, ,True, ,41.459795529499999,68,-157.757412641000002,21.284562873399999,10579,20712,Man Hole, , ,-157.757427046999993,21.284566297100000,4, , , , , , , ,Pre-SWQDC, ,"Constructed, existing ROW",City and County of Honolulu,Pre-SWQDC,Pre-SWQDC,jnolan, , ,True,None,HWES 35,HWES 35-20712, ,132.8930054
14,1,23,4326,16790,Reinforced Concrete Pipe,41.459795530000001,18, , ,41.460000, , , , , , , , , ,Pre-SWQDC, ,"Constructed, existing ROW",City and County of Honolulu,Pre-SWQDC,Pre-SWQDC,jnolan, ,True, ,41.459795529499999,68,-157.757496583000005,21.284645559699999,22618,20708,Catch Basin, , ,-157.757510988999996,21.284648983499999,4.3, , , , , , ,HWES 35-10,Pre-SWQDC, ,"Constructed, existing ROW",City and County of Honolulu,Pre-SWQDC,Pre-SWQDC,jnolan, , ,True,None,HWES 35,HWES 35-20708, ,139.6479950
15,1,24,4478,14776,Reinforced Concrete Pipe,67.038159370000002,24, , ,67.039000, , , , , , , , , ,Pre-SWQDC, ,"Constructed, existing ROW",City and County of Honolulu,Pre-SWQDC,Pre-SWQDC,jnolan, ,True, ,67.038159372799996,73,-157.754281002999988,21.289105924600001,50235,20587,Man Hole, , ,-157.754295409999997,21.289109348299998,7.400000, , , , , , , ,Pre-SWQDC, ,"Constructed, existing ROW",City and County of Honolulu,Pre-SWQDC,Pre-SWQDC,jnolan, , ,True,None,HWES 25,HWES 25-20587, ,99.8311005
16,1,25,4478,14776,Reinforced Concrete Pipe,67.038159370000002,24, , ,67.039000, , , , , , , , , ,Pre-SWQDC, ,"Constructed, existing ROW",City and County of Honolulu,Pre-SWQDC,Pre-SWQDC,jnolan, ,True, ,67.038159372799996,73,-157.754086725000008,21.289136006000000,50234,20586,Man Hole, , ,-157.754101130999999,21.289139429700001,4.300000, , , , , , , ,Pre-SWQDC, ,"Constructed, existing ROW",City and County of Honolulu,Pre-SWQDC,Pre-SWQDC,jnolan, , ,True,None,HWES 25,HWES 25-20586, ,110.4179993
17,1,26,4506,16934,Reinforced Concrete Pipe,172.599428749999987,24, , ,172.600000, , , , , , , , , ,Pre-SWQDC, ,"Constructed, existing ROW",City and County of Honolulu,Pre-SWQDC,Pre-SWQDC,jnolan, ,True, ,172.599428745000012,75,-157.753857970000013,21.289143454200001,10570,20585,Man Hole, , ,-157.753872376999993,21.289146877899999, , , , , , , , ,Pre-SWQDC, ,"Constructed, existing ROW",City and County of Honolulu,Pre-SWQDC,Pre-SWQDC,jnolan, , ,True,None,HWES 25,HWES 25-20585, ,122.2360001
18,1,27,4506,16934,Reinforced Concrete Pipe,172.599428749999987,24, , ,172.600000, , , , , , , , , ,Pre-SWQDC, ,"Constructed, existing ROW",City and County of Honolulu,Pre-SWQDC,Pre-SWQDC,jnolan, ,True, ,172.599428745000012,75,-157.753354688000002,21.289086190799999,2575,20590,Man Hole, , ,-157.753369095000011,21.289089614500000, , , , , , , , ,Pre-SWQDC, ,"Constructed, existing ROW",City and County of Honolulu,Pre-SWQDC,Pre-SWQDC,jnolan, , ,True,None,HWES 25,HWES 25-20590, ,146.1549988
19,1,28,4507,16936,Reinforced Concrete Pipe,83.994859809999994,24, , ,83.995000, , , , , , , , , ,Pre-SWQDC, ,"Constructed, existing ROW",City and County of Honolulu,Pre-SWQDC,Pre-SWQDC,jnolan, ,True, ,83.994859813299996,76,-157.753354688000002,21.289086190799999,2575,20590,Man Hole, , ,-157.753369095000011,21.289089614500000, , , , , , , , ,Pre-SWQDC, ,"Constructed, existing ROW",City and County of Honolulu,Pre-SWQDC,Pre-SWQDC,jnolan, , ,True,None,HWES 25,HWES 25-20590, ,146.1549988
20,1,29,4507,16936,Reinforced Concrete Pipe,83.994859809999994,24, , ,83.995000, , , , , , , , , ,Pre-SWQDC, ,"Constructed, existing ROW",City and County of Honolulu,Pre-SWQDC,Pre-SWQDC,jnolan, ,True, ,83.994859813299996,76,-157.753110209999988,21.289055096700000,29976,20591,Man Hole, , ,-157.753124616999997,21.289058520400001, , , , , , , , ,Pre-SWQDC, ,"Constructed, existing ROW",City and County of Honolulu,Pre-SWQDC,Pre-SWQDC,jnolan, , ,True,None,HWES 25,HWES 25-20591, ,157.5529938
21,1,30,4508,16937,Reinforced Concrete Pipe,58.740503650000001,24, , ,58.741000, , , , , , , , , ,Pre-SWQDC, ,"Constructed, existing ROW",City and County of Honolulu,Pre-SWQDC,Pre-SWQDC,jnolan, ,True, ,58.740503649200001,77,-157.753110209999988,21.289055096700000,29976,20591,Man Hole, , ,-157.753124616999997,21.289058520400001, , , , , , , , ,Pre-SWQDC, ,"Constructed, existing ROW",City and County of Honolulu,Pre-SWQDC,Pre-SWQDC,jnolan, , ,True,None,HWES 25,HWES 25-20591, ,157.5529938
22,1,31,4508,16937,Reinforced Concrete Pipe,58.740503650000001,24, , ,58.741000, , , , , , , , , ,Pre-SWQDC, ,"Constructed, existing ROW",City and County of Honolulu,Pre-SWQDC,Pre-SWQDC,jnolan, ,True, ,58.740503649200001,77,-157.752939147999996,21.289033982399999,47469,20592,Man Hole, , ,-157.752953555000005,21.289037406199999, , , , , , , , ,Pre-SWQDC, ,"Constructed, existing ROW",City and County of Honolulu,Pre-SWQDC,Pre-SWQDC,jnolan, , ,True,None,HWES 25,HWES 25-20592, ,165.4969940
23,1,32,4527,17006,Reinforced Concrete Pipe,193.827762519999993,18, , ,193.830000, , , , , , , , , ,Pre-SWQDC, ,"Constructed, existing ROW",City and County of Honolulu,Pre-SWQDC,Pre-SWQDC,jnolan, ,True, ,193.827762516999996,84,-157.756837872999995,21.287123915900001,30946,20653,Man Hole, , ,-157.756852278999986,21.287127338800001,5.8, , , , , , , ,Pre-SWQDC, ,"Constructed, existing ROW",City and County of Honolulu,Pre-SWQDC,Pre-SWQDC,jnolan, , ,True,None,HWES 27,HWES 27-20653, ,123.7050018
24,1,33,4527,17006,Reinforced Concrete Pipe,193.827762519999993,18, , ,193.830000, , , , , , , , , ,Pre-SWQDC, ,"Constructed, existing ROW",City and County of Honolulu,Pre-SWQDC,Pre-SWQDC,jnolan, ,True, ,193.827762516999996,84,-157.757333963999997,21.286862124199999,53916,20658,Man Hole, , ,-157.757348371000006,21.286865547900000,5.100000, , , , , , , ,Pre-SWQDC, ,"Constructed, existing ROW",City and County of Honolulu,Pre-SWQDC,Pre-SWQDC,jnolan, , ,True,None,HWES 27,HWES 27-20658, ,160.8289948
25,1,34,5075,13113,Reinforced Concrete Pipe,58.721826000000000,24, , ,58.722, , , , , , , , , ,Pre-SWQDC, ,"Constructed, existing ROW",City and County of Honolulu,Pre-SWQDC,Pre-SWQDC,jnolan, ,True, ,58.721826004500002,106,-157.757108138000007,21.290671847500001,2569,20534,Man Hole, , ,-157.757122544999987,21.290675271200001,6.900000, , , , , , , ,Pre-SWQDC, ,"Constructed, existing ROW",City and County of Honolulu,Pre-SWQDC,Pre-SWQDC,jnolan, , ,True,None,HWES 20,HWES 20-20534, ,236.7989960
26,1,35,5075,13113,Reinforced Concrete Pipe,58.721826000000000,24, , ,58.722, , , , , , , , , ,Pre-SWQDC, ,"Constructed, existing ROW",City and County of Honolulu,Pre-SWQDC,Pre-SWQDC,jnolan, ,True, ,58.721826004500002,106,-157.756971757999992,21.290770817900000,14256,20527,Man Hole, , ,-157.756986164000011,21.290774240699999,5.800000, , , , , , , ,Pre-SWQDC, ,"Constructed, existing ROW",City and County of Honolulu,Pre-SWQDC,Pre-SWQDC,jnolan, , ,True,None,HWES 20,HWES 20-20527, ,224.9340057
27,1,36,5076,13116,Reinforced Concrete Pipe,79.376745749999998,24, , ,79.377, , , , , , , , , ,Pre-SWQDC, ,"Constructed, existing ROW",City and County of Honolulu,Pre-SWQDC,Pre-SWQDC,jnolan, ,True, ,79.376745748700003,107,-157.756712265999994,21.290713274800002,41954,20530,Man Hole, , ,-157.756726673000003,21.290716697600001,4.500000, , , , , , , ,Pre-SWQDC, ,"Constructed, existing ROW",City and County of Honolulu,Pre-SWQDC,Pre-SWQDC,jnolan, , ,True,None,HWES 20,HWES 20-20530, ,196.0429993
28,1,37,5076,13116,Reinforced Concrete Pipe,79.376745749999998,24, , ,79.377, , , , , , , , , ,Pre-SWQDC, ,"Constructed, existing ROW",City and County of Honolulu,Pre-SWQDC,Pre-SWQDC,jnolan, ,True, ,79.376745748700003,107,-157.756486550000005,21.290658511499998,50232,20535,Inlet/Outlet, , ,-157.756500956999986,21.290661934300001, , , , , , , ,HWES 20,Pre-SWQDC, ,"Constructed, existing ROW",City and County of Honolulu,Pre-SWQDC,Pre-SWQDC,jnolan,End of RCP; edited by FILENUM 18149, ,True,None,HWES 20,HWES 20-20535, ,170.9230042
29,1,38,5459,17824,Reinforced Concrete Pipe,76.351910029999999,48, , ,76.352, , , , , , , , , ,Pre-SWQDC, ,"Constructed, existing ROW",City and County of Honolulu,Pre-SWQDC,Pre-SWQDC,jnolan, ,True, ,76.351910032800006,115,-157.751445321000006,21.283263814400001,21638,22251,Man Hole, , ,-157.751459727999986,21.283267238099999,4.200000, , , , , , ,HWES 38-4-1,Pre-SWQDC, ,"Constructed, existing ROW",City and County of Honolulu,Pre-SWQDC,Pre-SWQDC,jnolan, , ,True,None,HWES 38,HWES 38-22251, ,42.0405998
30,1,40,5459,17824,Reinforced Concrete Pipe,76.351910029999999,48, , ,76.352, , , , , , , , , ,Pre-SWQDC, ,"Constructed, existing ROW",City and County of Honolulu,Pre-SWQDC,Pre-SWQDC,jnolan, ,True, ,76.351910032800006,115,-157.751661665000000,21.283208519599999,22555,22253,Man Hole, , ,-157.751676070999991,21.283211943300000,7.5, , , , , , , ,Pre-SWQDC, ,"Constructed, existing ROW",City and County of Honolulu,Pre-SWQDC,Pre-SWQDC,jnolan, , ,True,None,HWES 38,HWES 38-22253, ,36.4567986
31,1,41,6458,22146,Reinforced Concrete Pipe,158.739435390000011,36, , ,161.443, , , , , , , , , ,Pre-SWQDC, ,"Constructed, existing ROW",City and County of Honolulu,Pre-SWQDC,Pre-SWQDC,jnolan,Edited by FILENUM 15621,True, ,158.739435393999997,156,-157.750768257000004,21.279366681399999,48347,22368,Man Hole, , ,-157.750782662999995,21.279370105100000,6.100000, , , , , , , ,Pre-SWQDC, ,"Constructed, existing ROW",City and County of Honolulu,Pre-SWQDC,Pre-SWQDC,jnolan, , ,True,None,HWES 43,HWES 43-22368, ,-1.1849800
32,1,42,6458,22146,Reinforced Concrete Pipe,158.739435390000011,36, , ,161.443, , , , , , , , , ,Pre-SWQDC, ,"Constructed, existing ROW",City and County of Honolulu,Pre-SWQDC,Pre-SWQDC,jnolan,Edited by FILENUM 15621,True, ,158.739435393999997,156,-157.751075262999990,21.279037802100000,25370,22378,Inlet/Outlet, , ,-157.751089669000010,21.279041225800000, , , , , , , ,HWES 43,Pre-SWQDC, ,"Constructed, existing ROW",City and County of Honolulu,Pre-SWQDC,Pre-SWQDC,jnolan,End of RCP; edited by FILENUM 15621, ,True,None,HWES 43,HWES 43-22378, ,-0.5393280
33,1,43,6569,20933,Reinforced Concrete Pipe,196.610606429999990,30, , ,196.61, , , , , , , , , ,Pre-SWQDC, ,"Constructed, existing ROW",City and County of Honolulu,Pre-SWQDC,Pre-SWQDC,jnolan, ,True, ,196.610606432999987,162,-157.750039539999989,21.279987938500000,30890,22354,Man Hole, , ,-157.750053946000008,21.279991362200001,4.6, , , , , , , ,Pre-SWQDC, ,"Constructed, existing ROW",City and County of Honolulu,Pre-SWQDC,Pre-SWQDC,jnolan, , ,True,None,HWES 43,HWES 43-22354, ,6.9285698
34,1,46,6569,20933,Reinforced Concrete Pipe,196.610606429999990,30, , ,196.61, , , , , , , , , ,Pre-SWQDC, ,"Constructed, existing ROW",City and County of Honolulu,Pre-SWQDC,Pre-SWQDC,jnolan, ,True, ,196.610606432999987,162,-157.749805777999995,21.279493079300000,55717,22365,Man Hole, , ,-157.749820185000004,21.279496503099999,4.800000, , , , , , , ,Pre-SWQDC, ,"Constructed, existing ROW",City and County of Honolulu,Pre-SWQDC,Pre-SWQDC,jnolan, , ,True,None,HWES 43,HWES 43-22365, ,0.9032590
35,1,47,16579,59827,Reinforced Concrete Pipe,170.730468500000001,30, , , , , , , , , , , , ,Pre-SWQDC, , ,State of Hawaii,Pre-SWQDC,Pre-SWQDC,jnolan,OWNERSHIP taken from Streets; edited by FILENUM 18152,False,Disabled from Geometric Network,170.730468499000011,237,-157.761061267999992,21.276636112199999,1956,22630,Inlet/Outlet, , ,-157.761075674000011,21.276639536800001, , , , , , , , ,Pre-SWQDC, ,"Constructed, existing ROW",State of Hawaii,Pre-SWQDC,Pre-SWQDC,jnolan,Connection between State DOT Concrete Ditches and State DOT RCPs; OWNERSHIP taken from Streets; edited by FILENUM 18152, ,True,None,HMB 35,HMB 35-22630, ,25.9386997
36,1,73,16585,59856,Box Culvert,70.070419490000006,Other, , , ,96,84, , , , , , , ,18153, , ,City and County of Honolulu,SWQDC Other,SWQDC,jnolan,Edited by Parcels,True, ,70.070419494500001,243,-157.760666571999991,21.282534681800001,51752,63821,Inlet/Outlet, , ,-157.760680978000011,21.282538105499999, , , , , , , , ,18153, , ,City and County of Honolulu,SWQDC Other,SWQDC,jnolan,Connection between Ditch and Box Culvert; edited by Parcels, ,True,None,HMB 35,HMB 35-63821, ,299.4190063
37,1,74,16585,59856,Box Culvert,70.070419490000006,Other, , , ,96,84, , , , , , , ,18153, , ,City and County of Honolulu,SWQDC Other,SWQDC,jnolan,Edited by Parcels,True, ,70.070419494500001,243,-157.760615946999991,21.282347712800000,24122,63813,Inlet/Outlet, , ,-157.760630353000010,21.282351136500001, , , , , , , , ,18153, , ,City and County of Honolulu,SWQDC Other,SWQDC,jnolan,Connection between Box Culvert and Ditch; edited by Parcels, ,True,None,HMB 35,HMB 35-63813, ,286.8009949
38,1,75,16586,59857,Ditch,75.981225789999996, , , , , , , , , , , , , ,18153, , ,City and County of Honolulu,SWQDC Other,SWQDC,jnolan,Edited by Parcels,True, ,75.981225790200000,244,-157.760697797999995,21.282741791199999,17669,63822,Inlet/Outlet, , ,-157.760712205000004,21.282745214900000, , , , , , , , ,18153, , ,City and County of Honolulu,SWQDC Other,SWQDC,jnolan,Connection between Receiving Water Body and Ditch; start of Ditch; edited by Parcels, ,True,None,HMB 35,HMB 35-63822,Infall,312.2449951
39,1,76,16586,59857,Ditch,75.981225789999996, , , , , , , , , , , , , ,18153, , ,City and County of Honolulu,SWQDC Other,SWQDC,jnolan,Edited by Parcels,True, ,75.981225790200000,244,-157.760666571999991,21.282534681800001,51752,63821,Inlet/Outlet, , ,-157.760680978000011,21.282538105499999, , , , , , , , ,18153, , ,City and County of Honolulu,SWQDC Other,SWQDC,jnolan,Connection between Ditch and Box Culvert; edited by Parcels, ,True,None,HMB 35,HMB 35-63821, ,299.4190063
40,1,81,16592,59930,Channel,502.204675510000015, , , , , , , , , , , , , ,18153, , ,City and County of Honolulu,SWQDC Other,SWQDC,jnolan,TYPE=Drainage Canal; edited by State DOT and Parcels,True, ,502.204675506000001,245,-157.750243473000012,21.276901421200002,22276,63853,Inlet/Outlet, , ,-157.750257879000003,21.276904845800001, , , , , , ,Sink, ,18153, , ,City and County of Honolulu,SWQDC Other,SWQDC,jnolan,End of Drainage Canal connection to Class A waters; edited by Parcels, ,True,Sink,HWES,HWES-63853,Outfall,-3.8628800
41,1,87,16595,59939,Reinforced Concrete Pipe,52.106880840000002,48, , ,186.189000, , , , , , , , , ,Pre-SWQDC, ,"Constructed, existing ROW",City and County of Honolulu,Pre-SWQDC,Pre-SWQDC,jnolan,Edited by FILENUM 18154,True, ,52.106880837200002,248,-157.752364268000008,21.283058563000001,21640,22254,Man Hole, , ,-157.752378674999989,21.283061986700002,7.400000, , , , , , ,HWES 38-2-1,Pre-SWQDC, ,"Constructed, existing ROW",City and County of Honolulu,Pre-SWQDC,Pre-SWQDC,jnolan, , ,True,None,HWES 38,HWES 38-22254, ,22.4638996
42,1,88,16595,59939,Reinforced Concrete Pipe,52.106880840000002,48, , ,186.189000, , , , , , , , , ,Pre-SWQDC, ,"Constructed, existing ROW",City and County of Honolulu,Pre-SWQDC,Pre-SWQDC,jnolan,Edited by FILENUM 18154,True, ,52.106880837200002,248,-157.752511239000000,21.283018544099999,55386,63858,Catch Basin, , ,-157.752525646000009,21.283021967800000, , , , , , , ,HWES 38-1,18154, , ,City and County of Honolulu,SWQDC Other,SWQDC,jnolan, , ,True,None,HWES 38,HWES 38-63858, ,19.8824005
43,1,95,16601,59962,Reinforced Concrete Pipe,102.472588500000001,24, , ,127.379000, , , , , , , , , ,Pre-SWQDC, ,"Constructed, existing ROW",City and County of Honolulu,Pre-SWQDC,Pre-SWQDC,jnolan,Edited by FILENUM 18154,True, ,102.472588504000001,253,-157.749331662999992,21.284351654100000,40250,29855,Man Hole, , ,-157.749346069000012,21.284355077800001, , , , , , , , ,Pre-SWQDC, ,"Constructed, not dedicated",City and County of Honolulu,Pre-SWQDC,Pre-SWQDC,jnolan, , ,True,None,HWES 38,HWES 38-29855, ,194.1380005
44,1,112,16610,60024,Channel,129.199106459999996, , , , , , , , , , , , , ,15551, , ,City and County of Honolulu,SWQDC Other,SWQDC,jnolan,Edited by Parcels,True, ,129.199106462999993,261,-157.753088444000014,21.293129000400000,27818,63855,Inlet/Outlet, , ,-157.753102850999994,21.293132424100001, , , , , , , , ,15551, , ,City and County of Honolulu,SWQDC Other,SWQDC,jnolan,Connection between Receiving Water Body and Channel; start of Channel; edited by Parcels, ,True,None,HWES,HWES-63855,Infall,261.4639893
45,1,127,16611,60025,Channel,499.378212140000016, , , , , , , , , , , , , ,15551, , ,City and County of Honolulu,SWQDC Other,SWQDC,jnolan,Edited by Parcels,True, ,499.378212136000002,262,-157.754694629999989,21.293249636399999,14255,20488,Catch Basin, , ,-157.754709036999998,21.293253060100000, , , , , , , ,HWES 13,Pre-SWQDC, ,"Constructed, existing ROW",City and County of Honolulu,Pre-SWQDC,Pre-SWQDC,jnolan,Edited by FILENUM 18150 and Parcels, ,True,None,HWES,HWES-20488, ,173.7019958
46,1,140,18462,18942,Reinforced Concrete Pipe,43.511465840000000,30, , ,43.512000, , , , , , , , , ,Pre-SWQDC, ,"Constructed, existing ROW",City and County of Honolulu,Pre-SWQDC,Pre-SWQDC,jnolan, ,True, ,43.511465838600003,281,-157.755670503999994,21.283900909400000,20748,22230,Man Hole, , ,-157.755684911000003,21.283904333100001,6, , , , , , , ,Pre-SWQDC, ,"Constructed, existing ROW",City and County of Honolulu,Pre-SWQDC,Pre-SWQDC,jnolan, , ,True,None,HWES 35,HWES 35-22230, ,43.3697014
47,1,141,18462,18942,Reinforced Concrete Pipe,43.511465840000000,30, , ,43.512000, , , , , , , , , ,Pre-SWQDC, ,"Constructed, existing ROW",City and County of Honolulu,Pre-SWQDC,Pre-SWQDC,jnolan, ,True, ,43.511465838600003,281,-157.755542741999989,21.283897927200002,52989,22231,Catch Basin, , ,-157.755557148000008,21.283901351000001,5.600000, , , , , , ,HWES 35-3,Pre-SWQDC, ,"Constructed, existing ROW",City and County of Honolulu,Pre-SWQDC,Pre-SWQDC,jnolan, , ,True,None,HWES 35,HWES 35-22231, ,41.2104988
48,1,148,20206,19122,Reinforced Concrete Pipe,24.641235590000001,24, , ,24.641000, , , , , , , , , ,Pre-SWQDC, ,"Constructed, existing ROW",City and County of Honolulu,Pre-SWQDC,Pre-SWQDC,jnolan, ,True, ,24.641235586600001,309,-157.756417770000013,21.284274328599999,48341,22218,Man Hole, , ,-157.756432176999994,21.284277752300000,6.700000, , , , , , , ,Pre-SWQDC, ,"Constructed, existing ROW",City and County of Honolulu,Pre-SWQDC,Pre-SWQDC,jnolan, , ,True,None,HWES 35,HWES 35-22218, ,61.1762009
49,1,150,20206,19122,Reinforced Concrete Pipe,24.641235590000001,24, , ,24.641000, , , , , , , , , ,Pre-SWQDC, ,"Constructed, existing ROW",City and County of Honolulu,Pre-SWQDC,Pre-SWQDC,jnolan, ,True, ,24.641235586600001,309,-157.756352372999999,21.284301504300000,27219,22217,Catch Basin, , ,-157.756366780000008,21.284304928000001,6, , , , , , ,HWES 35-5,Pre-SWQDC, ,"Constructed, existing ROW",City and County of Honolulu,Pre-SWQDC,Pre-SWQDC,jnolan, , ,True,None,HWES 35,HWES 35-22217, ,56.6945000
50,1,151,20331,17171,Reinforced Concrete Pipe,31.145932770000002,24, , ,31.146000, , , , , , , , , ,Pre-SWQDC, , ,Private,Pre-SWQDC,Pre-SWQDC,jnolan,OWNERSHIP taken from Parcels & Easements;,True, ,31.145932771999998,311,-157.752180721999991,21.288519338200000,2577,20614,Man Hole, , ,-157.752195129000000,21.288522761900001,4.800000, , , , , , , ,Pre-SWQDC, ,"Constructed, existing ROW",City and County of Honolulu,Pre-SWQDC,Pre-SWQDC,jnolan, , ,True,None,HWES 25,HWES 25-20614, ,211.4160004
51,1,152,20331,17171,Reinforced Concrete Pipe,31.145932770000002,24, , ,31.146000, , , , , , , , , ,Pre-SWQDC, , ,Private,Pre-SWQDC,Pre-SWQDC,jnolan,OWNERSHIP taken from Parcels & Easements;,True, ,31.145932771999998,311,-157.752089653000013,21.288527504899999,14257,20612,Man Hole, , ,-157.752104059999994,21.288530927800000, , , , , , , , ,Pre-SWQDC, ,"Constructed, existing ROW",Private,Pre-SWQDC,Pre-SWQDC,jnolan,OWNERSHIP taken from Parcels & Easements;, ,True,None,HWES 25,HWES 25-20612, ,221.0740051
52,1,158,21996,18941,Reinforced Concrete Pipe,274.564507639999988,30, , ,274.564, , , , , , , , , ,Pre-SWQDC, ,"Constructed, existing ROW",City and County of Honolulu,Pre-SWQDC,Pre-SWQDC,jnolan, ,True, ,274.564507642000024,329,-157.756352372999999,21.284301504300000,27219,22217,Catch Basin, , ,-157.756366780000008,21.284304928000001,6, , , , , , ,HWES 35-5,Pre-SWQDC, ,"Constructed, existing ROW",City and County of Honolulu,Pre-SWQDC,Pre-SWQDC,jnolan, , ,True,None,HWES 35,HWES 35-22217, ,56.6945000
53,1,162,21996,18941,Reinforced Concrete Pipe,274.564507639999988,30, , ,274.564, , , , , , , , , ,Pre-SWQDC, ,"Constructed, existing ROW",City and County of Honolulu,Pre-SWQDC,Pre-SWQDC,jnolan, ,True, ,274.564507642000024,329,-157.755670503999994,21.283900909400000,20748,22230,Man Hole, , ,-157.755684911000003,21.283904333100001,6, , , , , , , ,Pre-SWQDC, ,"Constructed, existing ROW",City and County of Honolulu,Pre-SWQDC,Pre-SWQDC,jnolan, , ,True,None,HWES 35,HWES 35-22230, ,43.3697014
54,1,163,22223,17826,Reinforced Concrete Pipe,245.343359910000004,48, , ,245.346, , , , , , , , , ,Pre-SWQDC, ,"Constructed, existing ROW",City and County of Honolulu,Pre-SWQDC,Pre-SWQDC,jnolan, ,True, ,245.343359915000008,339,-157.751661665000000,21.283208519599999,22555,22253,Man Hole, , ,-157.751676070999991,21.283211943300000,7.5, , , , , , , ,Pre-SWQDC, ,"Constructed, existing ROW",City and County of Honolulu,Pre-SWQDC,Pre-SWQDC,jnolan, , ,True,None,HWES 38,HWES 38-22253, ,36.4567986
55,1,166,22223,17826,Reinforced Concrete Pipe,245.343359910000004,48, , ,245.346, , , , , , , , , ,Pre-SWQDC, ,"Constructed, existing ROW",City and County of Honolulu,Pre-SWQDC,Pre-SWQDC,jnolan, ,True, ,245.343359915000008,339,-157.752364268000008,21.283058563000001,21640,22254,Man Hole, , ,-157.752378674999989,21.283061986700002,7.400000, , , , , , ,HWES 38-2-1,Pre-SWQDC, ,"Constructed, existing ROW",City and County of Honolulu,Pre-SWQDC,Pre-SWQDC,jnolan, , ,True,None,HWES 38,HWES 38-22254, ,22.4638996
56,1,167,22292,19624,Reinforced Concrete Pipe,85.466701610000001,24, , ,90, , , , , , , , , ,Pre-SWQDC, ,"Constructed, existing ROW",City and County of Honolulu,Pre-SWQDC,Pre-SWQDC,jnolan, ,True, ,85.466701605400004,346,-157.756176608999994,21.274450353999999,2292,22417,Man Hole, , ,-157.756191015000013,21.274453778600002, , , , , , , , ,Pre-SWQDC, ,"Constructed, existing ROW",City and County of Honolulu,Pre-SWQDC,Pre-SWQDC,jnolan, , ,True,None,HMB 32,HMB 32-22417, ,0.1549500
57,1,168,22292,19624,Reinforced Concrete Pipe,85.466701610000001,24, , ,90, , , , , , , , , ,Pre-SWQDC, ,"Constructed, existing ROW",City and County of Honolulu,Pre-SWQDC,Pre-SWQDC,jnolan, ,True, ,85.466701605400004,346,-157.756136115999993,21.274218155300002,24540,25690,Man Hole, , ,-157.756150522000013,21.274221579999999, , , , , , , ,HMB 32-2,Pre-SWQDC, ,"Constructed, existing ROW",City and County of Honolulu,Pre-SWQDC,Pre-SWQDC,jnolan, , ,True,None,HMB 32,HMB 32-25690, ,-0.4401380
58,1,169,23383,59940,Reinforced Concrete Pipe,129.935182239999989,48, , ,186.189, , , , , , , , , ,Pre-SWQDC, ,"Constructed, existing ROW",City and County of Honolulu,Pre-SWQDC,Pre-SWQDC,jnolan,Edited by FILENUM 18154,True, ,129.935182244999993,355,-157.752511239000000,21.283018544099999,55386,63858,Catch Basin, , ,-157.752525646000009,21.283021967800000, , , , , , , ,HWES 38-1,18154, , ,City and County of Honolulu,SWQDC Other,SWQDC,jnolan, , ,True,None,HWES 38,HWES 38-63858, ,19.8824005
59,1,170,23383,59940,Reinforced Concrete Pipe,129.935182239999989,48, , ,186.189, , , , , , , , , ,Pre-SWQDC, ,"Constructed, existing ROW",City and County of Honolulu,Pre-SWQDC,Pre-SWQDC,jnolan,Edited by FILENUM 18154,True, ,129.935182244999993,355,-157.752853910999988,21.282861074600000,31847,22259,Inlet/Outlet, , ,-157.752868317000008,21.282864498300000, , , , , , , ,HWES 38,Pre-SWQDC, ,"Constructed, existing ROW",City and County of Honolulu,Pre-SWQDC,Pre-SWQDC,jnolan,End of RCP; edited by FILENUM 18154, ,True,None,HWES 38,HWES 38-22259, ,16.9515991
60,1,177,23848,17172,Reinforced Concrete Pipe,147.471064030000008,24, , ,147.471, , , , , , , , , ,Pre-SWQDC, ,"Constructed, existing ROW",City and County of Honolulu,Pre-SWQDC,Pre-SWQDC,jnolan, ,True, ,147.471064033000005,362,-157.752471375999988,21.288820349400002,22611,20605,Man Hole, , ,-157.752485782000008,21.288823773099999,4.7, , , , , , , ,Pre-SWQDC, ,"Constructed, existing ROW",City and County of Honolulu,Pre-SWQDC,Pre-SWQDC,jnolan, , ,True,None,HWES 25,HWES 25-20605, ,192.8970032
61,1,178,23848,17172,Reinforced Concrete Pipe,147.471064030000008,24, , ,147.471, , , , , , , , , ,Pre-SWQDC, ,"Constructed, existing ROW",City and County of Honolulu,Pre-SWQDC,Pre-SWQDC,jnolan, ,True, ,147.471064033000005,362,-157.752180721999991,21.288519338200000,2577,20614,Man Hole, , ,-157.752195129000000,21.288522761900001,4.800000, , , , , , , ,Pre-SWQDC, ,"Constructed, existing ROW",City and County of Honolulu,Pre-SWQDC,Pre-SWQDC,jnolan, , ,True,None,HWES 25,HWES 25-20614, ,211.4160004
62,1,179,25657,16788,Reinforced Concrete Pipe,42.699877360000002,18, , ,42.700000, , , , , , , , , ,Pre-SWQDC, ,"Constructed, existing ROW",City and County of Honolulu,Pre-SWQDC,Pre-SWQDC,jnolan, ,True, ,42.699877363200002,382,-157.757496583000005,21.284645559699999,22618,20708,Catch Basin, , ,-157.757510988999996,21.284648983499999,4.3, , , , , , ,HWES 35-10,Pre-SWQDC, ,"Constructed, existing ROW",City and County of Honolulu,Pre-SWQDC,Pre-SWQDC,jnolan, , ,True,None,HWES 35,HWES 35-20708, ,139.6479950
63,1,180,25657,16788,Reinforced Concrete Pipe,42.699877360000002,18, , ,42.700000, , , , , , , , , ,Pre-SWQDC, ,"Constructed, existing ROW",City and County of Honolulu,Pre-SWQDC,Pre-SWQDC,jnolan, ,True, ,42.699877363200002,382,-157.757615966999992,21.284609536500000,53065,20711,Catch Basin, , ,-157.757630373000012,21.284612960200000,4, , , , , , ,HWES 35-11,Pre-SWQDC, ,"Constructed, existing ROW",City and County of Honolulu,Pre-SWQDC,Pre-SWQDC,jnolan, , ,True,None,HWES 35,HWES 35-20711, ,147.8549957
64,1,181,25944,22136,Reinforced Concrete Pipe,59.926391950000003,36, , ,59.926000, , , , , , , , , ,Pre-SWQDC, ,"Constructed, existing ROW",City and County of Honolulu,Pre-SWQDC,Pre-SWQDC,jnolan, ,True, ,59.926391950099998,394,-157.750601296000013,21.279314557599999,2282,22370,Man Hole, , ,-157.750615702999994,21.279317981300000,5.400000, , , , , , , ,Pre-SWQDC, ,"Constructed, existing ROW",City and County of Honolulu,Pre-SWQDC,Pre-SWQDC,jnolan, , ,True,None,HWES 43,HWES 43-22370, ,-0.8106130
65,1,183,25944,22136,Reinforced Concrete Pipe,59.926391950000003,36, , ,59.926000, , , , , , , , , ,Pre-SWQDC, ,"Constructed, existing ROW",City and County of Honolulu,Pre-SWQDC,Pre-SWQDC,jnolan, ,True, ,59.926391950099998,394,-157.750768257000004,21.279366681399999,48347,22368,Man Hole, , ,-157.750782662999995,21.279370105100000,6.100000, , , , , , , ,Pre-SWQDC, ,"Constructed, existing ROW",City and County of Honolulu,Pre-SWQDC,Pre-SWQDC,jnolan, , ,True,None,HWES 43,HWES 43-22368, ,-1.1849800
66,1,192,27447,17001,Reinforced Concrete Pipe,161.561598970000006,18, , ,161.563000, , , , , , , , , ,Pre-SWQDC, ,"Constructed, existing ROW",City and County of Honolulu,Pre-SWQDC,Pre-SWQDC,jnolan, ,True, ,161.561598968999988,406,-157.756420432999988,21.287335450899999,56638,20650,Man Hole, , ,-157.756434839999997,21.287338874600000,6.100000, , , , , , , ,Pre-SWQDC, ,"Constructed, existing ROW",City and County of Honolulu,Pre-SWQDC,Pre-SWQDC,jnolan, , ,True,None,HWES 27,HWES 27-20650, ,91.1519012
67,1,193,27447,17001,Reinforced Concrete Pipe,161.561598970000006,18, , ,161.563000, , , , , , , , , ,Pre-SWQDC, ,"Constructed, existing ROW",City and County of Honolulu,Pre-SWQDC,Pre-SWQDC,jnolan, ,True, ,161.561598968999988,406,-157.756837872999995,21.287123915900001,30946,20653,Man Hole, , ,-157.756852278999986,21.287127338800001,5.8, , , , , , , ,Pre-SWQDC, ,"Constructed, existing ROW",City and County of Honolulu,Pre-SWQDC,Pre-SWQDC,jnolan, , ,True,None,HWES 27,HWES 27-20653, ,123.7050018
68,1,194,27471,17169,Reinforced Concrete Pipe,22.233284780000002,24, , ,22.233000, , , , , , , , , ,Pre-SWQDC, , ,Private,Pre-SWQDC,Pre-SWQDC,jnolan,OWNERSHIP taken from Parcels & Easements;,True, ,22.233284784399999,408,-157.752089653000013,21.288527504899999,14257,20612,Man Hole, , ,-157.752104059999994,21.288530927800000, , , , , , , , ,Pre-SWQDC, ,"Constructed, existing ROW",Private,Pre-SWQDC,Pre-SWQDC,jnolan,OWNERSHIP taken from Parcels & Easements;, ,True,None,HWES 25,HWES 25-20612, ,221.0740051
69,1,195,27471,17169,Reinforced Concrete Pipe,22.233284780000002,24, , ,22.233000, , , , , , , , , ,Pre-SWQDC, , ,Private,Pre-SWQDC,Pre-SWQDC,jnolan,OWNERSHIP taken from Parcels & Easements;,True, ,22.233284784399999,408,-157.752025016999994,21.288536248100002,45628,20611,Inlet/Outlet, , ,-157.752039423000014,21.288539670999999, , , , , , , ,HWES 25-23,Pre-SWQDC, ,"Constructed, existing ROW",Private,Pre-SWQDC,Pre-SWQDC,jnolan,TYPE=Intake; connection between Ditch and RCP; OWNERSHIP taken from Parcels & Easements; edited by FILENUM 18155, ,True,None,HWES 25,HWES 25-20611, ,228.0760040
70,1,196,27485,17378,Reinforced Concrete Pipe,41.656979939999999,30, , ,41.658000, , , , , , , , , ,Pre-SWQDC, ,"Constructed, existing ROW",City and County of Honolulu,Pre-SWQDC,Pre-SWQDC,jnolan, ,True, ,41.656979940399999,409,-157.755660903999996,21.288595225700000,50236,20609,Catch Basin, , ,-157.755675311000005,21.288598649400001,5.300000, , , , , , ,HWES 25-1,Pre-SWQDC, ,"Constructed, existing ROW",City and County of Honolulu,Pre-SWQDC,Pre-SWQDC,jnolan, , ,True,None,HWES 25,HWES 25-20609, ,94.5942993
71,1,197,27485,17378,Reinforced Concrete Pipe,41.656979939999999,30, , ,41.658000, , , , , , , , , ,Pre-SWQDC, ,"Constructed, existing ROW",City and County of Honolulu,Pre-SWQDC,Pre-SWQDC,jnolan, ,True, ,41.656979940399999,409,-157.755541536999999,21.288620429200002,23530,20608,Man Hole, , ,-157.755555944000008,21.288623852000001,3.6, , , , , , , ,Pre-SWQDC, ,"Constructed, existing ROW",City and County of Honolulu,Pre-SWQDC,Pre-SWQDC,jnolan, , ,True,None,HWES 25,HWES 25-20608, ,93.2429962
72,1,204,28968,16128,Reinforced Concrete Pipe,31.873761510000001,18, , ,31.874000, , , , , , , , , ,Pre-SWQDC, ,"Constructed, existing ROW",City and County of Honolulu,Pre-SWQDC,Pre-SWQDC,jnolan, ,True, ,31.873761511300000,432,-157.752595382000010,21.293044999199999,41953,20492,Catch Basin, , ,-157.752609788000001,21.293048421999998,5.100000, , , , , , ,HWES 14-3,Pre-SWQDC, ,"Constructed, existing ROW",City and County of Honolulu,Pre-SWQDC,Pre-SWQDC,jnolan, , ,True,None,HWES 14,HWES 14-20492, ,296.4110107
73,1,205,28968,16128,Reinforced Concrete Pipe,31.873761510000001,18, , ,31.874000, , , , , , , , , ,Pre-SWQDC, ,"Constructed, existing ROW",City and County of Honolulu,Pre-SWQDC,Pre-SWQDC,jnolan, ,True, ,31.873761511300000,432,-157.752683917000013,21.293016461000001,25419,20493,Man Hole, , ,-157.752698323000004,21.293019884800000,4.1, , , , , , , ,Pre-SWQDC, ,"Constructed, existing ROW",City and County of Honolulu,Pre-SWQDC,Pre-SWQDC,jnolan, , ,True,None,HWES 14,HWES 14-20493, ,285.7869873
74,1,206,29119,19518,Reinforced Concrete Pipe,77.925847759999996,24, , ,77.926000, , , , , , , , , ,Pre-SWQDC, ,"Constructed, existing ROW",City and County of Honolulu,Pre-SWQDC,Pre-SWQDC,jnolan, ,True, ,77.925847761699998,438,-157.754086725000008,21.289136006000000,50234,20586,Man Hole, , ,-157.754101130999999,21.289139429700001,4.300000, , , , , , , ,Pre-SWQDC, ,"Constructed, existing ROW",City and County of Honolulu,Pre-SWQDC,Pre-SWQDC,jnolan, , ,True,None,HWES 25,HWES 25-20586, ,110.4179993
75,1,207,29119,19518,Reinforced Concrete Pipe,77.925847759999996,24, , ,77.926000, , , , , , , , , ,Pre-SWQDC, ,"Constructed, existing ROW",City and County of Honolulu,Pre-SWQDC,Pre-SWQDC,jnolan, ,True, ,77.925847761699998,438,-157.753857970000013,21.289143454200001,10570,20585,Man Hole, , ,-157.753872376999993,21.289146877899999, , , , , , , , ,Pre-SWQDC, ,"Constructed, existing ROW",City and County of Honolulu,Pre-SWQDC,Pre-SWQDC,jnolan, , ,True,None,HWES 25,HWES 25-20585, ,122.2360001
76,1,208,29205,16751,Reinforced Concrete Pipe,185.935287729999999,18, , ,174.124000, , , , , , , , , ,Pre-SWQDC, ,"Constructed, existing ROW",City and County of Honolulu,Pre-SWQDC,Pre-SWQDC,jnolan, ,True, ,185.935287727999992,442,-157.761480989000006,21.277097533599999,24438,22616,Man Hole, , ,-157.761495394999997,21.277100957300000, , , , , , , , ,Pre-SWQDC, ,"Constructed, existing ROW",City and County of Honolulu,Pre-SWQDC,Pre-SWQDC,jnolan, , ,True,None,HMB 35,HMB 35-22616, ,46.6693001
77,1,211,29279,13156,Reinforced Concrete Pipe,101.167296429999993,24, , ,100.004000, , , , , , , , , ,Pre-SWQDC, ,"Constructed, existing ROW",City and County of Honolulu,Pre-SWQDC,Pre-SWQDC,jnolan, ,True, ,101.167296425999993,445,-157.749331662999992,21.284351654100000,40250,29855,Man Hole, , ,-157.749346069000012,21.284355077800001, , , , , , , , ,Pre-SWQDC, ,"Constructed, not dedicated",City and County of Honolulu,Pre-SWQDC,Pre-SWQDC,jnolan, , ,True,None,HWES 38,HWES 38-29855, ,194.1380005
78,1,213,29279,13156,Reinforced Concrete Pipe,101.167296429999993,24, , ,100.004000, , , , , , , , , ,Pre-SWQDC, ,"Constructed, existing ROW",City and County of Honolulu,Pre-SWQDC,Pre-SWQDC,jnolan, ,True, ,101.167296425999993,445,-157.749385729000011,21.284077800700000,18889,22223,Man Hole, , ,-157.749400135000002,21.284081224400001,3.700000, , , , , , , ,Pre-SWQDC, ,"Constructed, existing ROW",City and County of Honolulu,Pre-SWQDC,Pre-SWQDC,jnolan, , ,True,None,HWES 38,HWES 38-22223, ,173.8470001
79,1,221,31090,17999,Reinforced Concrete Pipe,77.916525129999997,18, , ,77.917000, , , , , , , , , ,Pre-SWQDC, ,"Constructed, existing ROW",City and County of Honolulu,Pre-SWQDC,Pre-SWQDC,jnolan, ,True, ,77.916525126099998,478,-157.761521767999994,21.277308595499999,12349,22612,Catch Basin, , ,-157.761536174000014,21.277312020099998, , , , , , , ,HMB 35-1-10,Pre-SWQDC, ,"Constructed, existing ROW",City and County of Honolulu,Pre-SWQDC,Pre-SWQDC,jnolan, , ,True,None,HMB 35,HMB 35-22612, ,54.3749008
80,1,222,31090,17999,Reinforced Concrete Pipe,77.916525129999997,18, , ,77.917000, , , , , , , , , ,Pre-SWQDC, ,"Constructed, existing ROW",City and County of Honolulu,Pre-SWQDC,Pre-SWQDC,jnolan, ,True, ,77.916525126099998,478,-157.761480989000006,21.277097533599999,24438,22616,Man Hole, , ,-157.761495394999997,21.277100957300000, , , , , , , , ,Pre-SWQDC, ,"Constructed, existing ROW",City and County of Honolulu,Pre-SWQDC,Pre-SWQDC,jnolan, , ,True,None,HMB 35,HMB 35-22616, ,46.6693001
81,1,223,31140,19622,Reinforced Concrete Pipe,358.250348140000028,24, , ,350, , , , , , , , , ,Pre-SWQDC, ,"Constructed, existing ROW",City and County of Honolulu,Pre-SWQDC,Pre-SWQDC,jnolan, ,True, ,358.250348136000014,480,-157.756408149000009,21.275412351600000,51090,22408,Man Hole, , ,-157.756422555000000,21.275415775300001, , , , , , , , ,Pre-SWQDC, ,"Constructed, existing ROW",City and County of Honolulu,Pre-SWQDC,Pre-SWQDC,jnolan, , ,True,None,HMB 32,HMB 32-22408, ,2.2898400
82,1,227,31140,19622,Reinforced Concrete Pipe,358.250348140000028,24, , ,350, , , , , , , , , ,Pre-SWQDC, ,"Constructed, existing ROW",City and County of Honolulu,Pre-SWQDC,Pre-SWQDC,jnolan, ,True, ,358.250348136000014,480,-157.756176608999994,21.274450353999999,2292,22417,Man Hole, , ,-157.756191015000013,21.274453778600002, , , , , , , , ,Pre-SWQDC, ,"Constructed, existing ROW",City and County of Honolulu,Pre-SWQDC,Pre-SWQDC,jnolan, , ,True,None,HMB 32,HMB 32-22417, ,0.1549500
83,1,239,34774,17822,Reinforced Concrete Pipe,332.109449390000009,36, , ,332.112000, , , , , , , , , ,Pre-SWQDC, ,"Constructed, existing ROW",City and County of Honolulu,Pre-SWQDC,Pre-SWQDC,jnolan, ,True, ,332.109449394000023,529,-157.750496620999996,21.283476005800001,46468,22248,Man Hole, , ,-157.750511026999988,21.283479429500002,4.100000, , , , , , ,HWES 38-5-1,Pre-SWQDC, ,"Constructed, existing ROW",City and County of Honolulu,Pre-SWQDC,Pre-SWQDC,jnolan, , ,True,None,HWES 38,HWES 38-22248, ,79.8308029
84,1,243,34774,17822,Reinforced Concrete Pipe,332.109449390000009,36, , ,332.112000, , , , , , , , , ,Pre-SWQDC, ,"Constructed, existing ROW",City and County of Honolulu,Pre-SWQDC,Pre-SWQDC,jnolan, ,True, ,332.109449394000023,529,-157.751445321000006,21.283263814400001,21638,22251,Man Hole, , ,-157.751459727999986,21.283267238099999,4.200000, , , , , , ,HWES 38-4-1,Pre-SWQDC, ,"Constructed, existing ROW",City and County of Honolulu,Pre-SWQDC,Pre-SWQDC,jnolan, , ,True,None,HWES 38,HWES 38-22251, ,42.0405998
85,1,251,36266,17374,Reinforced Concrete Pipe,58.654219929999996,24, , ,58.654000, , , , , , , , , ,Pre-SWQDC, ,"Constructed, existing ROW",City and County of Honolulu,Pre-SWQDC,Pre-SWQDC,jnolan, ,True, ,58.654219929699998,567,-157.752606323999998,21.288920729000001,42903,20602,Man Hole, , ,-157.752620729999990,21.288924151800000, , , , , , , , ,Pre-SWQDC, ,"Constructed, existing ROW",City and County of Honolulu,Pre-SWQDC,Pre-SWQDC,jnolan, , ,True,None,HWES 25,HWES 25-20602, ,182.1190033
86,1,252,36266,17374,Reinforced Concrete Pipe,58.654219929999996,24, , ,58.654000, , , , , , , , , ,Pre-SWQDC, ,"Constructed, existing ROW",City and County of Honolulu,Pre-SWQDC,Pre-SWQDC,jnolan, ,True, ,58.654219929699998,567,-157.752471375999988,21.288820349400002,22611,20605,Man Hole, , ,-157.752485782000008,21.288823773099999,4.7, , , , , , , ,Pre-SWQDC, ,"Constructed, existing ROW",City and County of Honolulu,Pre-SWQDC,Pre-SWQDC,jnolan, , ,True,None,HWES 25,HWES 25-20605, ,192.8970032
87,1,253,36273,13115,Reinforced Concrete Pipe,59.301565019999998,24, , ,59.302000, , , , , , , , , ,Pre-SWQDC, , ,Private,Pre-SWQDC,Pre-SWQDC,jnolan,OWNERSHIP taken from Parcels & Easements;,True, ,59.301565018200002,568,-157.757281412999987,21.290688552399999,21694,20533,Man Hole, , ,-157.757295819999996,21.290691976200002,4.1, , , , , , , ,Pre-SWQDC, ,"Constructed, existing ROW",Private,Pre-SWQDC,Pre-SWQDC,jnolan,OWNERSHIP taken from Parcels & Easements;, ,True,None,HWES 20,HWES 20-20533, ,255.5279999
88,1,254,36273,13115,Reinforced Concrete Pipe,59.301565019999998,24, , ,59.302000, , , , , , , , , ,Pre-SWQDC, , ,Private,Pre-SWQDC,Pre-SWQDC,jnolan,OWNERSHIP taken from Parcels & Easements;,True, ,59.301565018200002,568,-157.757108138000007,21.290671847500001,2569,20534,Man Hole, , ,-157.757122544999987,21.290675271200001,6.900000, , , , , , , ,Pre-SWQDC, ,"Constructed, existing ROW",City and County of Honolulu,Pre-SWQDC,Pre-SWQDC,jnolan, , ,True,None,HWES 20,HWES 20-20534, ,236.7989960
89,1,255,36662,22134,Reinforced Concrete Pipe,41.985787569999999,30, , ,41.986000, , , , , , , , , ,Pre-SWQDC, ,"Constructed, existing ROW",City and County of Honolulu,Pre-SWQDC,Pre-SWQDC,jnolan, ,True, ,41.985787572200003,584,-157.750480473000010,21.279335734000000,35545,22369,Grate/Drain Inlet, , ,-157.750494879999991,21.279339157700001, , , , , , , ,HWES 43-2,Pre-SWQDC, ,"Constructed, existing ROW",City and County of Honolulu,Pre-SWQDC,Pre-SWQDC,jnolan, , ,True,None,HWES 43,HWES 43-22369, ,-0.5727910
90,1,257,36662,22134,Reinforced Concrete Pipe,41.985787569999999,30, , ,41.986000, , , , , , , , , ,Pre-SWQDC, ,"Constructed, existing ROW",City and County of Honolulu,Pre-SWQDC,Pre-SWQDC,jnolan, ,True, ,41.985787572200003,584,-157.750601296000013,21.279314557599999,2282,22370,Man Hole, , ,-157.750615702999994,21.279317981300000,5.400000, , , , , , , ,Pre-SWQDC, ,"Constructed, existing ROW",City and County of Honolulu,Pre-SWQDC,Pre-SWQDC,jnolan, , ,True,None,HWES 43,HWES 43-22370, ,-0.8106130
91,1,258,37722,60023,Channel,58.012142150000003, , , , , , , , , , , , , ,15551, , ,City and County of Honolulu,SWQDC Other,SWQDC,jnolan,Edited by Parcels,True, ,58.012142153500001,596,-157.754694629999989,21.293249636399999,14255,20488,Catch Basin, , ,-157.754709036999998,21.293253060100000, , , , , , , ,HWES 13,Pre-SWQDC, ,"Constructed, existing ROW",City and County of Honolulu,Pre-SWQDC,Pre-SWQDC,jnolan,Edited by FILENUM 18150 and Parcels, ,True,None,HWES,HWES-20488, ,173.7019958
92,1,259,37722,60023,Channel,58.012142150000003, , , , , , , , , , , , , ,15551, , ,City and County of Honolulu,SWQDC Other,SWQDC,jnolan,Edited by Parcels,True, ,58.012142153500001,596,-157.754862959999997,21.293224790800000,15180,20489,Catch Basin, , ,-157.754877365999988,21.293228213599999, , , , , , , ,HWES 12,Pre-SWQDC, ,"Constructed, existing ROW",City and County of Honolulu,Pre-SWQDC,Pre-SWQDC,jnolan,Edited by FILENUM 18150 and Parcels, ,True,None,HWES,HWES-20489, ,177.0780029
93,1,260,38191,17372,Reinforced Concrete Pipe,135.188604429999998,30, , ,135.190000, , , , , , , , , ,Pre-SWQDC, ,"Constructed, existing ROW",City and County of Honolulu,Pre-SWQDC,Pre-SWQDC,jnolan, ,True, ,135.188604430999987,611,-157.755068881999989,21.288913455300001,32777,20603,Man Hole, , ,-157.755083288999998,21.288916878999999,5.200000, , , , , , , ,Pre-SWQDC, ,"Constructed, existing ROW",City and County of Honolulu,Pre-SWQDC,Pre-SWQDC,jnolan, , ,True,None,HWES 25,HWES 25-20603, ,92.8321991
94,1,261,38191,17372,Reinforced Concrete Pipe,135.188604429999998,30, , ,135.190000, , , , , , , , , ,Pre-SWQDC, ,"Constructed, existing ROW",City and County of Honolulu,Pre-SWQDC,Pre-SWQDC,jnolan, ,True, ,135.188604430999987,611,-157.754693077000013,21.289033665000002,33682,20593,Man Hole, , ,-157.754707483999994,21.289037088699999,6.300000, , , , , , , ,Pre-SWQDC, ,"Constructed, existing ROW",City and County of Honolulu,Pre-SWQDC,Pre-SWQDC,jnolan, , ,True,None,HWES 25,HWES 25-20593, ,89.8420029
95,1,262,38192,17375,Reinforced Concrete Pipe,192.934601469999990,30, , ,192.936000, , , , , , , , , ,Pre-SWQDC, ,"Constructed, existing ROW",City and County of Honolulu,Pre-SWQDC,Pre-SWQDC,jnolan, ,True, ,192.934601466999993,612,-157.755541536999999,21.288620429200002,23530,20608,Man Hole, , ,-157.755555944000008,21.288623852000001,3.6, , , , , , , ,Pre-SWQDC, ,"Constructed, existing ROW",City and County of Honolulu,Pre-SWQDC,Pre-SWQDC,jnolan, , ,True,None,HWES 25,HWES 25-20608, ,93.2429962
96,1,263,38192,17375,Reinforced Concrete Pipe,192.934601469999990,30, , ,192.936000, , , , , , , , , ,Pre-SWQDC, ,"Constructed, existing ROW",City and County of Honolulu,Pre-SWQDC,Pre-SWQDC,jnolan, ,True, ,192.934601466999993,612,-157.755068881999989,21.288913455300001,32777,20603,Man Hole, , ,-157.755083288999998,21.288916878999999,5.200000, , , , , , , ,Pre-SWQDC, ,"Constructed, existing ROW",City and County of Honolulu,Pre-SWQDC,Pre-SWQDC,jnolan, , ,True,None,HWES 25,HWES 25-20603, ,92.8321991
97,1,265,39445,59826,Ditch,98.426169549999997, , , ,590.332000,48, , , , , , , , ,Pre-SWQDC, , ,State of Hawaii,Pre-SWQDC,Pre-SWQDC,jnolan,TYPE=State DOT Concrete Ditch; OWNERSHIP taken from Streets; edited by FILENUM 18152,True, ,98.426169546200001,633,-157.761061267999992,21.276636112199999,1956,22630,Inlet/Outlet, , ,-157.761075674000011,21.276639536800001, , , , , , , , ,Pre-SWQDC, ,"Constructed, existing ROW",State of Hawaii,Pre-SWQDC,Pre-SWQDC,jnolan,Connection between State DOT Concrete Ditches and State DOT RCPs; OWNERSHIP taken from Streets; edited by FILENUM 18152, ,True,None,HMB 35,HMB 35-22630, ,25.9386997
98,1,275,39988,17371,Reinforced Concrete Pipe,63.126813800000001,24, , ,63.127000, , , , , , , , , ,Pre-SWQDC, ,"Constructed, existing ROW",City and County of Honolulu,Pre-SWQDC,Pre-SWQDC,jnolan, ,True, ,63.126813795700002,643,-157.752767729999988,21.289006264400001,2576,20596,Man Hole, , ,-157.752782136999997,21.289009688099998,7.200000, , , , , , , ,Pre-SWQDC, ,"Constructed, existing ROW",City and County of Honolulu,Pre-SWQDC,Pre-SWQDC,jnolan, , ,True,None,HWES 25,HWES 25-20596, ,173.2010040
99,1,276,39988,17371,Reinforced Concrete Pipe,63.126813800000001,24, , ,63.127000, , , , , , , , , ,Pre-SWQDC, ,"Constructed, existing ROW",City and County of Honolulu,Pre-SWQDC,Pre-SWQDC,jnolan, ,True, ,63.126813795700002,643,-157.752606323999998,21.288920729000001,42903,20602,Man Hole, , ,-157.752620729999990,21.288924151800000, , , , , , , , ,Pre-SWQDC, ,"Constructed, existing ROW",City and County of Honolulu,Pre-SWQDC,Pre-SWQDC,jnolan, , ,True,None,HWES 25,HWES 25-20602, ,182.1190033
100,1,277,39992,17412,Reinforced Concrete Pipe,113.252056609999997,30, , ,113.256000, , , , , , , , , ,Pre-SWQDC, ,"Constructed, existing ROW",City and County of Honolulu,Pre-SWQDC,Pre-SWQDC,jnolan, ,True, ,113.252056612999993,644,-157.749513401999991,21.283698482799998,2198,22238,Man Hole, , ,-157.749527809000000,21.283701906499999,6.900000, , , , , , , ,Pre-SWQDC, ,"Constructed, existing ROW",City and County of Honolulu,Pre-SWQDC,Pre-SWQDC,jnolan, , ,True,None,HWES 38,HWES 38-22238, ,143.5429993
101,1,279,39992,17412,Reinforced Concrete Pipe,113.252056609999997,30, , ,113.256000, , , , , , , , , ,Pre-SWQDC, ,"Constructed, existing ROW",City and County of Honolulu,Pre-SWQDC,Pre-SWQDC,jnolan, ,True, ,113.252056612999993,644,-157.749837337999992,21.283627674700000,57492,22241,Man Hole, , ,-157.749851745000001,21.283631098400001,5.200000, , , , , , , ,Pre-SWQDC, ,"Constructed, existing ROW",City and County of Honolulu,Pre-SWQDC,Pre-SWQDC,jnolan, , ,True,None,HWES 38,HWES 38-22241, ,122.0329971
102,1,280,39999,13112,Reinforced Concrete Pipe,65.812763570000001,24, , ,65.813000, , , , , , , , , ,Pre-SWQDC, , ,Private,Pre-SWQDC,Pre-SWQDC,jnolan,OWNERSHIP taken from Parcels & Easements;,True, ,65.812763574100003,645,-157.757474153000004,21.290702511700001,42902,20531,Inlet/Outlet, , ,-157.757488560000013,21.290705934500000, , , , , , , , ,Pre-SWQDC, ,"Constructed, existing ROW",Private,Pre-SWQDC,Pre-SWQDC,jnolan,Connection between GRP Ditches and RCP; OWNERSHIP taken from Parcels & Easements; edited by FILENUM 18149, ,True,None,HWES 20,HWES 20-20531, ,276.2650146
103,1,281,39999,13112,Reinforced Concrete Pipe,65.812763570000001,24, , ,65.813000, , , , , , , , , ,Pre-SWQDC, , ,Private,Pre-SWQDC,Pre-SWQDC,jnolan,OWNERSHIP taken from Parcels & Easements;,True, ,65.812763574100003,645,-157.757281412999987,21.290688552399999,21694,20533,Man Hole, , ,-157.757295819999996,21.290691976200002,4.1, , , , , , , ,Pre-SWQDC, ,"Constructed, existing ROW",Private,Pre-SWQDC,Pre-SWQDC,jnolan,OWNERSHIP taken from Parcels & Easements;, ,True,None,HWES 20,HWES 20-20533, ,255.5279999
104,1,282,41244,59963,Reinforced Concrete Pipe,12.392961250000001,36, , ,127.379000, , , , , , , , , ,Pre-SWQDC, ,"Constructed, existing ROW",City and County of Honolulu,Pre-SWQDC,Pre-SWQDC,jnolan,Edited by FILENUM 18154,True, ,12.392961247900001,661,-157.749270865000000,21.284697650300000,29985,20705,Inlet/Outlet, , ,-157.749285272000009,21.284701074000001, , , , , , , ,HWES 38-10,Pre-SWQDC, ,"Constructed, existing ROW",City and County of Honolulu,Pre-SWQDC,Pre-SWQDC,jnolan,TYPE=Special Drop Intake with Cage; connection between Ditch and RCP; edited by FILENUM 18154, ,True,None,HWES 38,HWES 38-20705,Infall,219.8399963
105,1,284,41246,60048,Channel,18.259849610000000, , , , , , , , , , , , , ,18151, , ,City and County of Honolulu,SWQDC Other,SWQDC,jnolan,TYPE=Drainage Canal; edited by Parcels,True, ,18.259849606700001,663,-157.756095947999995,21.299316616700001,7099,63854,Inlet/Outlet, , ,-157.756110353999986,21.299320039500000, , , , , , , , ,18151, , ,City and County of Honolulu,SWQDC Other,SWQDC,jnolan,Connection between Receiving Water Body and Drainage Canal; start of Drainage Canal; edited by Parcels, ,True,None,HWES,HWES-63854,Infall,333.6879883
106,1,286,41458,16998,Reinforced Concrete Pipe,46.016372369999999,18, , ,46.017000, , , , , , , , , ,Pre-SWQDC, ,"Constructed, existing ROW",City and County of Honolulu,Pre-SWQDC,Pre-SWQDC,jnolan, ,True, ,46.016372371999999,664,-157.756313097000003,21.287412440000001,46532,20649,Catch Basin, , ,-157.756327502999994,21.287415862900001,6, , , , , , ,HWES 27-1,Pre-SWQDC, ,"Constructed, existing ROW",City and County of Honolulu,Pre-SWQDC,Pre-SWQDC,jnolan, , ,True,None,HWES 27,HWES 27-20649, ,84.5737000
107,1,287,41458,16998,Reinforced Concrete Pipe,46.016372369999999,18, , ,46.017000, , , , , , , , , ,Pre-SWQDC, ,"Constructed, existing ROW",City and County of Honolulu,Pre-SWQDC,Pre-SWQDC,jnolan, ,True, ,46.016372371999999,664,-157.756420432999988,21.287335450899999,56638,20650,Man Hole, , ,-157.756434839999997,21.287338874600000,6.100000, , , , , , , ,Pre-SWQDC, ,"Constructed, existing ROW",City and County of Honolulu,Pre-SWQDC,Pre-SWQDC,jnolan, , ,True,None,HWES 27,HWES 27-20650, ,91.1519012
108,1,288,41870,17362,Reinforced Concrete Pipe,142.724277050000012,24, , ,142.726000, , , , , , , , , ,Pre-SWQDC, ,"Constructed, existing ROW",City and County of Honolulu,Pre-SWQDC,Pre-SWQDC,jnolan, ,True, ,142.724277050000012,681,-157.754693077000013,21.289033665000002,33682,20593,Man Hole, , ,-157.754707483999994,21.289037088699999,6.300000, , , , , , , ,Pre-SWQDC, ,"Constructed, existing ROW",City and County of Honolulu,Pre-SWQDC,Pre-SWQDC,jnolan, , ,True,None,HWES 25,HWES 25-20593, ,89.8420029
109,1,289,41870,17362,Reinforced Concrete Pipe,142.724277050000012,24, , ,142.726000, , , , , , , , , ,Pre-SWQDC, ,"Constructed, existing ROW",City and County of Honolulu,Pre-SWQDC,Pre-SWQDC,jnolan, ,True, ,142.724277050000012,681,-157.754281002999988,21.289105924600001,50235,20587,Man Hole, , ,-157.754295409999997,21.289109348299998,7.400000, , , , , , , ,Pre-SWQDC, ,"Constructed, existing ROW",City and County of Honolulu,Pre-SWQDC,Pre-SWQDC,jnolan, , ,True,None,HWES 25,HWES 25-20587, ,99.8311005
110,1,290,41871,17363,Reinforced Concrete Pipe,59.221123239999997,24, , ,59.221000, , , , , , , , , ,Pre-SWQDC, ,"Constructed, existing ROW",City and County of Honolulu,Pre-SWQDC,Pre-SWQDC,jnolan, ,True, ,59.221123243299999,682,-157.752939147999996,21.289033982399999,47469,20592,Man Hole, , ,-157.752953555000005,21.289037406199999, , , , , , , , ,Pre-SWQDC, ,"Constructed, existing ROW",City and County of Honolulu,Pre-SWQDC,Pre-SWQDC,jnolan, , ,True,None,HWES 25,HWES 25-20592, ,165.4969940
111,1,291,41871,17363,Reinforced Concrete Pipe,59.221123239999997,24, , ,59.221000, , , , , , , , , ,Pre-SWQDC, ,"Constructed, existing ROW",City and County of Honolulu,Pre-SWQDC,Pre-SWQDC,jnolan, ,True, ,59.221123243299999,682,-157.752767729999988,21.289006264400001,2576,20596,Man Hole, , ,-157.752782136999997,21.289009688099998,7.200000, , , , , , , ,Pre-SWQDC, ,"Constructed, existing ROW",City and County of Honolulu,Pre-SWQDC,Pre-SWQDC,jnolan, , ,True,None,HWES 25,HWES 25-20596, ,173.2010040
112,1,292,42019,22133,Reinforced Concrete Pipe,236.731641719999999,30, , ,236.735000, , , , , , , , , ,Pre-SWQDC, ,"Constructed, existing ROW",City and County of Honolulu,Pre-SWQDC,Pre-SWQDC,jnolan, ,True, ,236.731641722999996,686,-157.749805777999995,21.279493079300000,55717,22365,Man Hole, , ,-157.749820185000004,21.279496503099999,4.800000, , , , , , , ,Pre-SWQDC, ,"Constructed, existing ROW",City and County of Honolulu,Pre-SWQDC,Pre-SWQDC,jnolan, , ,True,None,HWES 43,HWES 43-22365, ,0.9032590
113,1,295,42019,22133,Reinforced Concrete Pipe,236.731641719999999,30, , ,236.735000, , , , , , , , , ,Pre-SWQDC, ,"Constructed, existing ROW",City and County of Honolulu,Pre-SWQDC,Pre-SWQDC,jnolan, ,True, ,236.731641722999996,686,-157.750480473000010,21.279335734000000,35545,22369,Grate/Drain Inlet, , ,-157.750494879999991,21.279339157700001, , , , , , , ,HWES 43-2,Pre-SWQDC, ,"Constructed, existing ROW",City and County of Honolulu,Pre-SWQDC,Pre-SWQDC,jnolan, , ,True,None,HWES 43,HWES 43-22369, ,-0.5727910
114,1,317,43586,13152,Reinforced Concrete Pipe,69.224704630000005,18, , ,67.273000, , , , , , , , , ,Pre-SWQDC, ,"Constructed, existing ROW",City and County of Honolulu,Pre-SWQDC,Pre-SWQDC,jnolan, ,True, ,69.224704630299996,710,-157.756669507999987,21.284351411300001,50374,29810,Man Hole, , ,-157.756683914999996,21.284354834999998, , , , , , , , ,Pre-SWQDC, ,"Constructed, not dedicated",City and County of Honolulu,Pre-SWQDC,Pre-SWQDC,jnolan, , ,True,None,HWES 35,HWES 35-29810, ,79.0112000
115,1,320,43586,13152,Reinforced Concrete Pipe,69.224704630000005,18, , ,67.273000, , , , , , , , , ,Pre-SWQDC, ,"Constructed, existing ROW",City and County of Honolulu,Pre-SWQDC,Pre-SWQDC,jnolan, ,True, ,69.224704630299996,710,-157.756494535999991,21.284254762000000,29924,22219,Man Hole, , ,-157.756508943000000,21.284258185799999,5.2, , , , , , , ,Pre-SWQDC, ,"Constructed, existing ROW",City and County of Honolulu,Pre-SWQDC,Pre-SWQDC,jnolan, , ,True,None,HWES 35,HWES 35-22219, ,66.4496002
116,1,321,43735,15809,Reinforced Concrete Pipe,211.387292260000009,18, , ,211.387000, , , , , , , , , ,Pre-SWQDC, ,"Constructed, existing ROW",City and County of Honolulu,Pre-SWQDC,Pre-SWQDC,jnolan, ,True, ,211.387292260999999,713,-157.757197702000013,21.284657298599999,53917,20707,Man Hole, , ,-157.757212108000004,21.284660722300000,8.300000, , , , , , , ,Pre-SWQDC, ,"Constructed, existing ROW",City and County of Honolulu,Pre-SWQDC,Pre-SWQDC,jnolan, , ,True,None,HWES 35,HWES 35-20707, ,118.2829971
117,1,322,43735,15809,Reinforced Concrete Pipe,211.387292260000009,18, , ,211.387000, , , , , , , , , ,Pre-SWQDC, ,"Constructed, existing ROW",City and County of Honolulu,Pre-SWQDC,Pre-SWQDC,jnolan, ,True, ,211.387292260999999,713,-157.756669507999987,21.284351411300001,50374,29810,Man Hole, , ,-157.756683914999996,21.284354834999998, , , , , , , , ,Pre-SWQDC, ,"Constructed, not dedicated",City and County of Honolulu,Pre-SWQDC,Pre-SWQDC,jnolan, , ,True,None,HWES 35,HWES 35-29810, ,79.0112000
118,1,330,45147,18950,Reinforced Concrete Pipe,22.422710120000001,30, , ,22.423000, , , , , , , , , ,Pre-SWQDC, ,"Constructed, existing ROW",City and County of Honolulu,Pre-SWQDC,Pre-SWQDC,jnolan, ,True, ,22.422710120700000,733,-157.749456076000001,21.283728871800001,31846,22237,Man Hole, , ,-157.749470483000010,21.283732295499998,6.5, , , , , , , ,Pre-SWQDC, ,"Constructed, existing ROW",City and County of Honolulu,Pre-SWQDC,Pre-SWQDC,jnolan, , ,True,None,HWES 38,HWES 38-22237, ,148.4969940
119,1,331,45147,18950,Reinforced Concrete Pipe,22.422710120000001,30, , ,22.423000, , , , , , , , , ,Pre-SWQDC, ,"Constructed, existing ROW",City and County of Honolulu,Pre-SWQDC,Pre-SWQDC,jnolan, ,True, ,22.422710120700000,733,-157.749513401999991,21.283698482799998,2198,22238,Man Hole, , ,-157.749527809000000,21.283701906499999,6.900000, , , , , , , ,Pre-SWQDC, ,"Constructed, existing ROW",City and County of Honolulu,Pre-SWQDC,Pre-SWQDC,jnolan, , ,True,None,HWES 38,HWES 38-22238, ,143.5429993
120,1,332,45453,19613,Reinforced Concrete Pipe,348.194534809999993,18, , ,340, , , , , , , , , ,Pre-SWQDC, ,"Constructed, existing ROW",City and County of Honolulu,Pre-SWQDC,Pre-SWQDC,jnolan, ,True, ,348.194534809999993,742,-157.756629454999995,21.276348053900001,58434,22400,Man Hole, , ,-157.756643862000004,21.276351477599999, , , , , , , , ,Pre-SWQDC, ,"Constructed, existing ROW",City and County of Honolulu,Pre-SWQDC,Pre-SWQDC,jnolan, , ,True,None,HMB 32,HMB 32-22400, ,5.6096601
121,1,336,45453,19613,Reinforced Concrete Pipe,348.194534809999993,18, , ,340, , , , , , , , , ,Pre-SWQDC, ,"Constructed, existing ROW",City and County of Honolulu,Pre-SWQDC,Pre-SWQDC,jnolan, ,True, ,348.194534809999993,742,-157.756408149000009,21.275412351600000,51090,22408,Man Hole, , ,-157.756422555000000,21.275415775300001, , , , , , , , ,Pre-SWQDC, ,"Constructed, existing ROW",City and County of Honolulu,Pre-SWQDC,Pre-SWQDC,jnolan, , ,True,None,HMB 32,HMB 32-22408, ,2.2898400
122,1,343,47128,16789,Reinforced Concrete Pipe,80.817685290000000,18, , ,80.818000, , , , , , , , , ,Pre-SWQDC, ,"Constructed, existing ROW",City and County of Honolulu,Pre-SWQDC,Pre-SWQDC,jnolan, ,True, ,80.817685294499995,769,-157.757197702000013,21.284657298599999,53917,20707,Man Hole, , ,-157.757212108000004,21.284660722300000,8.300000, , , , , , , ,Pre-SWQDC, ,"Constructed, existing ROW",City and County of Honolulu,Pre-SWQDC,Pre-SWQDC,jnolan, , ,True,None,HWES 35,HWES 35-20707, ,118.2829971
123,1,344,47128,16789,Reinforced Concrete Pipe,80.817685290000000,18, , ,80.818000, , , , , , , , , ,Pre-SWQDC, ,"Constructed, existing ROW",City and County of Honolulu,Pre-SWQDC,Pre-SWQDC,jnolan, ,True, ,80.817685294499995,769,-157.757412641000002,21.284562873399999,10579,20712,Man Hole, , ,-157.757427046999993,21.284566297100000,4, , , , , , , ,Pre-SWQDC, ,"Constructed, existing ROW",City and County of Honolulu,Pre-SWQDC,Pre-SWQDC,jnolan, , ,True,None,HWES 35,HWES 35-20712, ,132.8930054
124,1,345,47160,17170,Reinforced Concrete Pipe,141.575056319999987,30, , ,141.576000, , , , , , , , , ,Pre-SWQDC, ,"Constructed, existing ROW",City and County of Honolulu,Pre-SWQDC,Pre-SWQDC,jnolan, ,True, ,141.575056321000005,772,-157.756070400999988,21.288527368200000,36506,20613,Inlet/Outlet, , ,-157.756084807999997,21.288530792000000, , , , , , , ,HWES 25,Pre-SWQDC, ,"Constructed, existing ROW",City and County of Honolulu,Pre-SWQDC,Pre-SWQDC,jnolan,End of RCP; edited by FILENUM 18149, ,True,None,HWES 25,HWES 25-20613, ,99.5695038
125,1,346,47160,17170,Reinforced Concrete Pipe,141.575056319999987,30, , ,141.576000, , , , , , , , , ,Pre-SWQDC, ,"Constructed, existing ROW",City and County of Honolulu,Pre-SWQDC,Pre-SWQDC,jnolan, ,True, ,141.575056321000005,772,-157.755660903999996,21.288595225700000,50236,20609,Catch Basin, , ,-157.755675311000005,21.288598649400001,5.300000, , , , , , ,HWES 25-1,Pre-SWQDC, ,"Constructed, existing ROW",City and County of Honolulu,Pre-SWQDC,Pre-SWQDC,jnolan, , ,True,None,HWES 25,HWES 25-20609, ,94.5942993
126,1,351,49142,20316,Reinforced Concrete Pipe,170.108292280000001,30, , ,160.423000, , , , , , , , , ,Pre-SWQDC, , ,State of Hawaii,Pre-SWQDC,Pre-SWQDC,jnolan,OWNERSHIP taken from Streets; edited by FILENUM 18152,True, ,170.108292283999987,801,-157.761061267999992,21.276636112199999,1956,22630,Inlet/Outlet, , ,-157.761075674000011,21.276639536800001, , , , , , , , ,Pre-SWQDC, ,"Constructed, existing ROW",State of Hawaii,Pre-SWQDC,Pre-SWQDC,jnolan,Connection between State DOT Concrete Ditches and State DOT RCPs; OWNERSHIP taken from Streets; edited by FILENUM 18152, ,True,None,HMB 35,HMB 35-22630, ,25.9386997
127,1,373,52451,13110,Reinforced Concrete Pipe,90.781650569999996,24, , ,90.782000, , , , , , , , , ,Pre-SWQDC, ,"Constructed, existing ROW",City and County of Honolulu,Pre-SWQDC,Pre-SWQDC,jnolan, ,True, ,90.781650566600007,854,-157.756971757999992,21.290770817900000,14256,20527,Man Hole, , ,-157.756986164000011,21.290774240699999,5.800000, , , , , , , ,Pre-SWQDC, ,"Constructed, existing ROW",City and County of Honolulu,Pre-SWQDC,Pre-SWQDC,jnolan, , ,True,None,HWES 20,HWES 20-20527, ,224.9340057
128,1,374,52451,13110,Reinforced Concrete Pipe,90.781650569999996,24, , ,90.782000, , , , , , , , , ,Pre-SWQDC, ,"Constructed, existing ROW",City and County of Honolulu,Pre-SWQDC,Pre-SWQDC,jnolan, ,True, ,90.781650566600007,854,-157.756712265999994,21.290713274800002,41954,20530,Man Hole, , ,-157.756726673000003,21.290716697600001,4.500000, , , , , , , ,Pre-SWQDC, ,"Constructed, existing ROW",City and County of Honolulu,Pre-SWQDC,Pre-SWQDC,jnolan, , ,True,None,HWES 20,HWES 20-20530, ,196.0429993
129,1,375,52539,18237,Reinforced Concrete Pipe,123.763802830000003,18, , ,110, , , , , , , , , ,Pre-SWQDC, ,"Constructed, existing ROW",City and County of Honolulu,Pre-SWQDC,Pre-SWQDC,jnolan, ,True, ,123.763802833000000,860,-157.756706372999986,21.276681026999999,17009,22397,Catch Basin, , ,-157.756720779000005,21.276684450699999, , , , , , , ,HMB 32-6,Pre-SWQDC, ,"Constructed, existing ROW",City and County of Honolulu,Pre-SWQDC,Pre-SWQDC,jnolan, , ,True,None,HMB 32,HMB 32-22397, ,7.4440498
130,1,378,52539,18237,Reinforced Concrete Pipe,123.763802830000003,18, , ,110, , , , , , , , , ,Pre-SWQDC, ,"Constructed, existing ROW",City and County of Honolulu,Pre-SWQDC,Pre-SWQDC,jnolan, ,True, ,123.763802833000000,860,-157.756629454999995,21.276348053900001,58434,22400,Man Hole, , ,-157.756643862000004,21.276351477599999, , , , , , , , ,Pre-SWQDC, ,"Constructed, existing ROW",City and County of Honolulu,Pre-SWQDC,Pre-SWQDC,jnolan, , ,True,None,HMB 32,HMB 32-22400, ,5.6096601
131,1,379,53714,59854,Ditch,110.026161599999995, , , , ,84,48, , , , , , , ,18153, , ,City and County of Honolulu,SWQDC Other,SWQDC,jnolan,Edited by Parcels,True, ,110.026161598000002,873,-157.760615946999991,21.282347712800000,24122,63813,Inlet/Outlet, , ,-157.760630353000010,21.282351136500001, , , , , , , , ,18153, , ,City and County of Honolulu,SWQDC Other,SWQDC,jnolan,Connection between Box Culvert and Ditch; edited by Parcels, ,True,None,HMB 35,HMB 35-63813, ,286.8009949
132,1,391,54051,19123,Reinforced Concrete Pipe,27.084876349999998,18, , ,27.085000, , , , , , , , , ,Pre-SWQDC, ,"Constructed, existing ROW",City and County of Honolulu,Pre-SWQDC,Pre-SWQDC,jnolan, ,True, ,27.084876350500000,889,-157.756494535999991,21.284254762000000,29924,22219,Man Hole, , ,-157.756508943000000,21.284258185799999,5.2, , , , , , , ,Pre-SWQDC, ,"Constructed, existing ROW",City and County of Honolulu,Pre-SWQDC,Pre-SWQDC,jnolan, , ,True,None,HWES 35,HWES 35-22219, ,66.4496002
133,1,392,54051,19123,Reinforced Concrete Pipe,27.084876349999998,18, , ,27.085000, , , , , , , , , ,Pre-SWQDC, ,"Constructed, existing ROW",City and County of Honolulu,Pre-SWQDC,Pre-SWQDC,jnolan, ,True, ,27.084876350500000,889,-157.756417770000013,21.284274328599999,48341,22218,Man Hole, , ,-157.756432176999994,21.284277752300000,6.700000, , , , , , , ,Pre-SWQDC, ,"Constructed, existing ROW",City and County of Honolulu,Pre-SWQDC,Pre-SWQDC,jnolan, , ,True,None,HWES 35,HWES 35-22218, ,61.1762009
134,1,393,54085,16233,Reinforced Concrete Pipe,84.424136840000003,18, , ,84.425000, , , , , , , , , ,Pre-SWQDC, ,"Constructed, existing ROW",City and County of Honolulu,Pre-SWQDC,Pre-SWQDC,jnolan, ,True, ,84.424136843200003,893,-157.757333963999997,21.286862124199999,53916,20658,Man Hole, , ,-157.757348371000006,21.286865547900000,5.100000, , , , , , , ,Pre-SWQDC, ,"Constructed, existing ROW",City and County of Honolulu,Pre-SWQDC,Pre-SWQDC,jnolan, , ,True,None,HWES 27,HWES 27-20658, ,160.8289948
135,1,394,54085,16233,Reinforced Concrete Pipe,84.424136840000003,18, , ,84.425000, , , , , , , , , ,Pre-SWQDC, ,"Constructed, existing ROW",City and County of Honolulu,Pre-SWQDC,Pre-SWQDC,jnolan, ,True, ,84.424136843200003,893,-157.757563215000005,21.286773526600001,48405,20663,Catch Basin, , ,-157.757577620999996,21.286776950299998,5.200000, , , , , , ,HWES 27-5,Pre-SWQDC, ,"Constructed, existing ROW",City and County of Honolulu,Pre-SWQDC,Pre-SWQDC,jnolan, , ,True,None,HWES 27,HWES 27-20663, ,178.5330048
136,1,395,54201,13155,Reinforced Concrete Pipe,275.650489240000013,30, , ,240.639000, , , , , , , , , ,Pre-SWQDC, ,"Constructed, existing ROW",City and County of Honolulu,Pre-SWQDC,Pre-SWQDC,jnolan,Edited by FILENUM 18154,True, ,275.650489236999988,899,-157.754519159000012,21.284101063400001,8634,22222,Man Hole, , ,-157.754533565000003,21.284104487099999,4.800000, , , , , , , ,Pre-SWQDC, ,"Constructed, existing ROW",City and County of Honolulu,Pre-SWQDC,Pre-SWQDC,jnolan, , ,True,None,HWES 35,HWES 35-22222, ,24.5702991
137,1,396,54201,13155,Reinforced Concrete Pipe,275.650489240000013,30, , ,240.639000, , , , , , , , , ,Pre-SWQDC, ,"Constructed, existing ROW",City and County of Honolulu,Pre-SWQDC,Pre-SWQDC,jnolan,Edited by FILENUM 18154,True, ,275.650489236999988,899,-157.753771655999998,21.284392609200001,23545,20716,Inlet/Outlet, , ,-157.753786063000007,21.284396033000000, , , , , , , ,HWES 35,Pre-SWQDC, ,"Constructed, existing ROW",City and County of Honolulu,Pre-SWQDC,Pre-SWQDC,jnolan,End of RCP; edited by FILENUM 18154, ,True,None,HWES 35,HWES 35-20716, ,27.8579006
138,1,397,54364,20240,Reinforced Concrete Pipe,107.177891750000001,30, , ,107.178000, , , , , , , , , ,Pre-SWQDC, ,"Constructed, existing ROW",City and County of Honolulu,Pre-SWQDC,Pre-SWQDC,jnolan, ,True, ,107.177891751000004,906,-157.750169787999994,21.280256409500002,46477,22348,Man Hole, , ,-157.750184194000013,21.280259834100001,4.600000, , , , , , , ,Pre-SWQDC, ,"Constructed, existing ROW",City and County of Honolulu,Pre-SWQDC,Pre-SWQDC,jnolan, , ,True,None,HWES 43,HWES 43-22348, ,9.4753199
139,1,400,54364,20240,Reinforced Concrete Pipe,107.177891750000001,30, , ,107.178000, , , , , , , , , ,Pre-SWQDC, ,"Constructed, existing ROW",City and County of Honolulu,Pre-SWQDC,Pre-SWQDC,jnolan, ,True, ,107.177891751000004,906,-157.750039539999989,21.279987938500000,30890,22354,Man Hole, , ,-157.750053946000008,21.279991362200001,4.6, , , , , , , ,Pre-SWQDC, ,"Constructed, existing ROW",City and County of Honolulu,Pre-SWQDC,Pre-SWQDC,jnolan, , ,True,None,HWES 43,HWES 43-22354, ,6.9285698
140,1,405,55945,16997,Reinforced Concrete Pipe,138.729066950000004,24, , ,138.730000, , , , , , , , , ,Pre-SWQDC, ,"Constructed, existing ROW",City and County of Honolulu,Pre-SWQDC,Pre-SWQDC,jnolan, ,True, ,138.729066952000011,924,-157.755961775000003,21.287605919299999,57547,20641,Inlet/Outlet, , ,-157.755976180999994,21.287609343000000, , , , , , , ,HWES 27,Pre-SWQDC, ,"Constructed, existing ROW",City and County of Honolulu,Pre-SWQDC,Pre-SWQDC,jnolan,End of RCP; edited by FILENUM 18154, ,True,None,HWES 27,HWES 27-20641, ,82.3617020
141,1,406,55945,16997,Reinforced Concrete Pipe,138.729066950000004,24, , ,138.730000, , , , , , , , , ,Pre-SWQDC, ,"Constructed, existing ROW",City and County of Honolulu,Pre-SWQDC,Pre-SWQDC,jnolan, ,True, ,138.729066952000011,924,-157.756313097000003,21.287412440000001,46532,20649,Catch Basin, , ,-157.756327502999994,21.287415862900001,6, , , , , , ,HWES 27-1,Pre-SWQDC, ,"Constructed, existing ROW",City and County of Honolulu,Pre-SWQDC,Pre-SWQDC,jnolan, , ,True,None,HWES 27,HWES 27-20649, ,84.5737000
142,1,407,57140,60022,Channel,171.654238399999997, , , , , , , , , , , , , ,15551, , ,City and County of Honolulu,SWQDC Other,SWQDC,jnolan,Edited by Parcels,True, ,171.654238402000004,944,-157.754862959999997,21.293224790800000,15180,20489,Catch Basin, , ,-157.754877365999988,21.293228213599999, , , , , , , ,HWES 12,Pre-SWQDC, ,"Constructed, existing ROW",City and County of Honolulu,Pre-SWQDC,Pre-SWQDC,jnolan,Edited by FILENUM 18150 and Parcels, ,True,None,HWES,HWES-20489, ,177.0780029
143,1,409,57140,60022,Channel,171.654238399999997, , , , , , , , , , , , , ,15551, , ,City and County of Honolulu,SWQDC Other,SWQDC,jnolan,Edited by Parcels,True, ,171.654238402000004,944,-157.755310796000003,21.293017542000001,54468,63857,Inlet/Outlet, , ,-157.755325203000012,21.293020964800000, , , , , , , , ,15551, , ,City and County of Honolulu,SWQDC Other,SWQDC,jnolan,End of Channel; edited by Parcels, ,True,None,HWES,HWES-63857, ,182.9739990