OBJECTID_1,OBJECTID,LINE_ID,TYPE,CALC_LENGT,DIAMETER,DRAINAGE_A,FLOW_RATE,LENGTH,WIDTH,HEIGHT,SLOPE,ROUGHNESS,VELOCITY,UPSTREAMNO,DOWNSTREAM,UPSTREAM_1,DOWNSTRE_1,FILENUM,INSTALL_DA,LIFE_CYCLE,OWNER,DATA_SOURC,CREATED_BY,LAST_EDITE,LAST_EDI_1,ENABLED,TYPE_USE,SHAPESTLen,ORIG_FID,POINT_X,POINT_Y,RASTERVALU
351,3013,16127,Reinforced Concrete Pipe,51.20569594,18, , ,51.206, , , , , , , , , ,Pre-SWQDC, ,"Constructed, existing ROW",City and County of Honolulu,Pre-SWQDC,Pre-SWQDC,jnolan, ,TRUE, ,51.20569594,5,-157.7530428,21.29313911,7
350,3013,16127,Reinforced Concrete Pipe,51.20569594,18, , ,51.206, , , , , , , , , ,Pre-SWQDC, ,"Constructed, existing ROW",City and County of Honolulu,Pre-SWQDC,Pre-SWQDC,jnolan, ,TRUE, ,51.20569594,5,-157.7529008,21.29309268,7
353,3014,16129,Reinforced Concrete Pipe,78.85154239,18, , ,78.852, , , , , , , , , ,Pre-SWQDC, ,"Constructed, existing ROW",City and County of Honolulu,Pre-SWQDC,Pre-SWQDC,jnolan, ,TRUE, ,78.85154239,6,-157.7529008,21.29309268,7
352,3014,16129,Reinforced Concrete Pipe,78.85154239,18, , ,78.852, , , , , , , , , ,Pre-SWQDC, ,"Constructed, existing ROW",City and County of Honolulu,Pre-SWQDC,Pre-SWQDC,jnolan, ,TRUE, ,78.85154239,6,-157.7526839,21.29301646,7
1,3202,18945,Reinforced Concrete Pipe,298.1035023,30, , ,298.106, , , , , , , , , ,Pre-SWQDC, ,"Constructed, existing ROW",City and County of Honolulu,Pre-SWQDC,Pre-SWQDC,jnolan, ,TRUE, ,298.1035023,27,-157.7553216,21.28377261,62
2,3202,18945,Reinforced Concrete Pipe,298.1035023,30, , ,298.106, , , , , , , , , ,Pre-SWQDC, ,"Constructed, existing ROW",City and County of Honolulu,Pre-SWQDC,Pre-SWQDC,jnolan, ,TRUE, ,298.1035023,27,-157.7551548,21.28384056,62
3,3202,18945,Reinforced Concrete Pipe,298.1035023,30, , ,298.106, , , , , , , , , ,Pre-SWQDC, ,"Constructed, existing ROW",City and County of Honolulu,Pre-SWQDC,Pre-SWQDC,jnolan, ,TRUE, ,298.1035023,27,-157.7548847,21.28395101,62
4,3202,18945,Reinforced Concrete Pipe,298.1035023,30, , ,298.106, , , , , , , , , ,Pre-SWQDC, ,"Constructed, existing ROW",City and County of Honolulu,Pre-SWQDC,Pre-SWQDC,jnolan, ,TRUE, ,298.1035023,27,-157.7545912,21.28407162,30
5,3202,18945,Reinforced Concrete Pipe,298.1035023,30, , ,298.106, , , , , , , , , ,Pre-SWQDC, ,"Constructed, existing ROW",City and County of Honolulu,Pre-SWQDC,Pre-SWQDC,jnolan, ,TRUE, ,298.1035023,27,-157.7545192,21.28410106,30
6,3203,18946,Reinforced Concrete Pipe,87.99623338,30, , ,87.996, , , , , , , , , ,Pre-SWQDC, ,"Constructed, existing ROW",City and County of Honolulu,Pre-SWQDC,Pre-SWQDC,jnolan, ,TRUE, ,87.99623338,28,-157.7555427,21.28389793,62
7,3203,18946,Reinforced Concrete Pipe,87.99623338,30, , ,87.996, , , , , , , , , ,Pre-SWQDC, ,"Constructed, existing ROW",City and County of Honolulu,Pre-SWQDC,Pre-SWQDC,jnolan, ,TRUE, ,87.99623338,28,-157.7553924,21.28381202,62
8,3203,18946,Reinforced Concrete Pipe,87.99623338,30, , ,87.996, , , , , , , , , ,Pre-SWQDC, ,"Constructed, existing ROW",City and County of Honolulu,Pre-SWQDC,Pre-SWQDC,jnolan, ,TRUE, ,87.99623338,28,-157.7553216,21.28377261,62
11,3204,18949,Reinforced Concrete Pipe,128.9963572,24, , ,128.997, , , , , , , , , ,Pre-SWQDC, ,"Constructed, existing ROW",City and County of Honolulu,Pre-SWQDC,Pre-SWQDC,jnolan, ,TRUE, ,128.9963572,29,-157.7494561,21.28372887,91
10,3204,18949,Reinforced Concrete Pipe,128.9963572,24, , ,128.997, , , , , , , , , ,Pre-SWQDC, ,"Constructed, existing ROW",City and County of Honolulu,Pre-SWQDC,Pre-SWQDC,jnolan, ,TRUE, ,128.9963572,29,-157.7494313,21.28385805,91
9,3204,18949,Reinforced Concrete Pipe,128.9963572,24, , ,128.997, , , , , , , , , ,Pre-SWQDC, ,"Constructed, existing ROW",City and County of Honolulu,Pre-SWQDC,Pre-SWQDC,jnolan, ,TRUE, ,128.9963572,29,-157.7493857,21.2840778,91
15,3254,19141,Reinforced Concrete Pipe,231.1237789,30, , ,231.127, , , , , , , , , ,Pre-SWQDC, ,"Constructed, existing ROW",City and County of Honolulu,Pre-SWQDC,Pre-SWQDC,jnolan, ,TRUE, ,231.1237789,39,-157.7504966,21.28347601,91
14,3254,19141,Reinforced Concrete Pipe,231.1237789,30, , ,231.127, , , , , , , , , ,Pre-SWQDC, ,"Constructed, existing ROW",City and County of Honolulu,Pre-SWQDC,Pre-SWQDC,jnolan, ,TRUE, ,231.1237789,39,-157.7504195,21.28349393,91
13,3254,19141,Reinforced Concrete Pipe,231.1237789,30, , ,231.127, , , , , , , , , ,Pre-SWQDC, ,"Constructed, existing ROW",City and County of Honolulu,Pre-SWQDC,Pre-SWQDC,jnolan, ,TRUE, ,231.1237789,39,-157.7501124,21.28356346,91
12,3254,19141,Reinforced Concrete Pipe,231.1237789,30, , ,231.127, , , , , , , , , ,Pre-SWQDC, ,"Constructed, existing ROW",City and County of Honolulu,Pre-SWQDC,Pre-SWQDC,jnolan, ,TRUE, ,231.1237789,39,-157.7498373,21.28362767,91
17,4175,16754,Ditch,108.3642826, , , ,120.287,48, , , , , , , , ,Pre-SWQDC, , ,State of Hawaii,Pre-SWQDC,Pre-SWQDC,jnolan,TYPE=State DOT Concrete Ditch; OWNERSHIP taken from Streets; edited by FILENUM 18152,TRUE, ,108.3642826,64,-157.7613769,21.27659761,
16,4175,16754,Ditch,108.3642826, , , ,120.287,48, , , , , , , , ,Pre-SWQDC, , ,State of Hawaii,Pre-SWQDC,Pre-SWQDC,jnolan,TYPE=State DOT Concrete Ditch; OWNERSHIP taken from Streets; edited by FILENUM 18152,TRUE, ,108.3642826,64,-157.7610613,21.27663611,
19,4326,16790,Reinforced Concrete Pipe,41.45979553,18, , ,41.46, , , , , , , , , ,Pre-SWQDC, ,"Constructed, existing ROW",City and County of Honolulu,Pre-SWQDC,Pre-SWQDC,jnolan, ,TRUE, ,41.45979553,68,-157.7574966,21.28464556,62
18,4326,16790,Reinforced Concrete Pipe,41.45979553,18, , ,41.46, , , , , , , , , ,Pre-SWQDC, ,"Constructed, existing ROW",City and County of Honolulu,Pre-SWQDC,Pre-SWQDC,jnolan, ,TRUE, ,41.45979553,68,-157.7574126,21.28456287,62
20,4478,14776,Reinforced Concrete Pipe,67.03815937,24, , ,67.039, , , , , , , , , ,Pre-SWQDC, ,"Constructed, existing ROW",City and County of Honolulu,Pre-SWQDC,Pre-SWQDC,jnolan, ,TRUE, ,67.03815937,73,-157.754281,21.28910592,89
21,4478,14776,Reinforced Concrete Pipe,67.03815937,24, , ,67.039, , , , , , , , , ,Pre-SWQDC, ,"Constructed, existing ROW",City and County of Honolulu,Pre-SWQDC,Pre-SWQDC,jnolan, ,TRUE, ,67.03815937,73,-157.7540867,21.28913601,89
22,4506,16934,Reinforced Concrete Pipe,172.5994287,24, , ,172.6, , , , , , , , , ,Pre-SWQDC, ,"Constructed, existing ROW",City and County of Honolulu,Pre-SWQDC,Pre-SWQDC,jnolan, ,TRUE, ,172.5994287,75,-157.753858,21.28914345,89
23,4506,16934,Reinforced Concrete Pipe,172.5994287,24, , ,172.6, , , , , , , , , ,Pre-SWQDC, ,"Constructed, existing ROW",City and County of Honolulu,Pre-SWQDC,Pre-SWQDC,jnolan, ,TRUE, ,172.5994287,75,-157.7533547,21.28908619,89
24,4507,16936,Reinforced Concrete Pipe,83.99485981,24, , ,83.995, , , , , , , , , ,Pre-SWQDC, ,"Constructed, existing ROW",City and County of Honolulu,Pre-SWQDC,Pre-SWQDC,jnolan, ,TRUE, ,83.99485981,76,-157.7533547,21.28908619,89
25,4507,16936,Reinforced Concrete Pipe,83.99485981,24, , ,83.995, , , , , , , , , ,Pre-SWQDC, ,"Constructed, existing ROW",City and County of Honolulu,Pre-SWQDC,Pre-SWQDC,jnolan, ,TRUE, ,83.99485981,76,-157.7531102,21.2890551,89
26,4508,16937,Reinforced Concrete Pipe,58.74050365,24, , ,58.741, , , , , , , , , ,Pre-SWQDC, ,"Constructed, existing ROW",City and County of Honolulu,Pre-SWQDC,Pre-SWQDC,jnolan, ,TRUE, ,58.74050365,77,-157.7531102,21.2890551,89
27,4508,16937,Reinforced Concrete Pipe,58.74050365,24, , ,58.741, , , , , , , , , ,Pre-SWQDC, ,"Constructed, existing ROW",City and County of Honolulu,Pre-SWQDC,Pre-SWQDC,jnolan, ,TRUE, ,58.74050365,77,-157.7529391,21.28903398,89
29,4527,17006,Reinforced Concrete Pipe,193.8277625,18, , ,193.83, , , , , , , , , ,Pre-SWQDC, ,"Constructed, existing ROW",City and County of Honolulu,Pre-SWQDC,Pre-SWQDC,jnolan, ,TRUE, ,193.8277625,84,-157.757334,21.28686212,59
28,4527,17006,Reinforced Concrete Pipe,193.8277625,18, , ,193.83, , , , , , , , , ,Pre-SWQDC, ,"Constructed, existing ROW",City and County of Honolulu,Pre-SWQDC,Pre-SWQDC,jnolan, ,TRUE, ,193.8277625,84,-157.7568379,21.28712392,59
30,5075,13113,Reinforced Concrete Pipe,58.721826,24, , ,58.722, , , , , , , , , ,Pre-SWQDC, ,"Constructed, existing ROW",City and County of Honolulu,Pre-SWQDC,Pre-SWQDC,jnolan, ,TRUE, ,58.721826,106,-157.7571081,21.29067185,27
31,5075,13113,Reinforced Concrete Pipe,58.721826,24, , ,58.722, , , , , , , , , ,Pre-SWQDC, ,"Constructed, existing ROW",City and County of Honolulu,Pre-SWQDC,Pre-SWQDC,jnolan, ,TRUE, ,58.721826,106,-157.7569718,21.29077082,27
32,5076,13116,Reinforced Concrete Pipe,79.37674575,24, , ,79.377, , , , , , , , , ,Pre-SWQDC, ,"Constructed, existing ROW",City and County of Honolulu,Pre-SWQDC,Pre-SWQDC,jnolan, ,TRUE, ,79.37674575,107,-157.7567123,21.29071327,27
33,5076,13116,Reinforced Concrete Pipe,79.37674575,24, , ,79.377, , , , , , , , , ,Pre-SWQDC, ,"Constructed, existing ROW",City and County of Honolulu,Pre-SWQDC,Pre-SWQDC,jnolan, ,TRUE, ,79.37674575,107,-157.7564866,21.29065851,27
36,5459,17824,Reinforced Concrete Pipe,76.35191003,48, , ,76.352, , , , , , , , , ,Pre-SWQDC, ,"Constructed, existing ROW",City and County of Honolulu,Pre-SWQDC,Pre-SWQDC,jnolan, ,TRUE, ,76.35191003,115,-157.7516617,21.28320852,91
35,5459,17824,Reinforced Concrete Pipe,76.35191003,48, , ,76.352, , , , , , , , , ,Pre-SWQDC, ,"Constructed, existing ROW",City and County of Honolulu,Pre-SWQDC,Pre-SWQDC,jnolan, ,TRUE, ,76.35191003,115,-157.7515526,21.28323507,91
34,5459,17824,Reinforced Concrete Pipe,76.35191003,48, , ,76.352, , , , , , , , , ,Pre-SWQDC, ,"Constructed, existing ROW",City and County of Honolulu,Pre-SWQDC,Pre-SWQDC,jnolan, ,TRUE, ,76.35191003,115,-157.7514453,21.28326381,91
38,6458,22146,Reinforced Concrete Pipe,158.7394354,36, , ,161.443, , , , , , , , , ,Pre-SWQDC, ,"Constructed, existing ROW",City and County of Honolulu,Pre-SWQDC,Pre-SWQDC,jnolan,Edited by FILENUM 15621,TRUE, ,158.7394354,156,-157.7510753,21.2790378,11
37,6458,22146,Reinforced Concrete Pipe,158.7394354,36, , ,161.443, , , , , , , , , ,Pre-SWQDC, ,"Constructed, existing ROW",City and County of Honolulu,Pre-SWQDC,Pre-SWQDC,jnolan,Edited by FILENUM 15621,TRUE, ,158.7394354,156,-157.7507683,21.27936668,11
39,6569,20933,Reinforced Concrete Pipe,196.6106064,30, , ,196.61, , , , , , , , , ,Pre-SWQDC, ,"Constructed, existing ROW",City and County of Honolulu,Pre-SWQDC,Pre-SWQDC,jnolan, ,TRUE, ,196.6106064,162,-157.7500395,21.27998794,11
40,6569,20933,Reinforced Concrete Pipe,196.6106064,30, , ,196.61, , , , , , , , , ,Pre-SWQDC, ,"Constructed, existing ROW",City and County of Honolulu,Pre-SWQDC,Pre-SWQDC,jnolan, ,TRUE, ,196.6106064,162,-157.7499174,21.27972322,11
41,6569,20933,Reinforced Concrete Pipe,196.6106064,30, , ,196.61, , , , , , , , , ,Pre-SWQDC, ,"Constructed, existing ROW",City and County of Honolulu,Pre-SWQDC,Pre-SWQDC,jnolan, ,TRUE, ,196.6106064,162,-157.7498427,21.27956484,11
42,6569,20933,Reinforced Concrete Pipe,196.6106064,30, , ,196.61, , , , , , , , , ,Pre-SWQDC, ,"Constructed, existing ROW",City and County of Honolulu,Pre-SWQDC,Pre-SWQDC,jnolan, ,TRUE, ,196.6106064,162,-157.7498058,21.27949308,11
44,16579,59827,Reinforced Concrete Pipe,170.7304685,30, , , , , , , , , , , , ,Pre-SWQDC, , ,State of Hawaii,Pre-SWQDC,Pre-SWQDC,jnolan,OWNERSHIP taken from Streets; edited by FILENUM 18152,FALSE,Disabled from Geometric Network,170.7304685,237,-157.7610685,21.27660632,
43,16579,59827,Reinforced Concrete Pipe,170.7304685,30, , , , , , , , , , , , ,Pre-SWQDC, , ,State of Hawaii,Pre-SWQDC,Pre-SWQDC,jnolan,OWNERSHIP taken from Streets; edited by FILENUM 18152,FALSE,Disabled from Geometric Network,170.7304685,237,-157.7610613,21.27663611,
45,16579,59827,Reinforced Concrete Pipe,170.7304685,30, , , , , , , , , , , , ,Pre-SWQDC, , ,State of Hawaii,Pre-SWQDC,Pre-SWQDC,jnolan,OWNERSHIP taken from Streets; edited by FILENUM 18152,FALSE,Disabled from Geometric Network,170.7304685,237,-157.7610067,21.27620891,
46,16579,59827,Reinforced Concrete Pipe,170.7304685,30, , , , , , , , , , , , ,Pre-SWQDC, , ,State of Hawaii,Pre-SWQDC,Pre-SWQDC,jnolan,OWNERSHIP taken from Streets; edited by FILENUM 18152,FALSE,Disabled from Geometric Network,170.7304685,237,-157.7609919,21.27618037,
50,16580,59832,Ditch,163.2771803, , , , ,84,48, , , , , , , ,18152, , ,City and County of Honolulu,SWQDC Other,SWQDC,jnolan,Edited by Parcels,TRUE, ,163.2771803,238,-157.761021,21.27805033,
51,16580,59832,Ditch,163.2771803, , , , ,84,48, , , , , , , ,18152, , ,City and County of Honolulu,SWQDC Other,SWQDC,jnolan,Edited by Parcels,TRUE, ,163.2771803,238,-157.7610205,21.27802308,
49,16580,59832,Ditch,163.2771803, , , , ,84,48, , , , , , , ,18152, , ,City and County of Honolulu,SWQDC Other,SWQDC,jnolan,Edited by Parcels,TRUE, ,163.2771803,238,-157.7610059,21.27807653,
48,16580,59832,Ditch,163.2771803, , , , ,84,48, , , , , , , ,18152, , ,City and County of Honolulu,SWQDC Other,SWQDC,jnolan,Edited by Parcels,TRUE, ,163.2771803,238,-157.76098,21.27811683,
47,16580,59832,Ditch,163.2771803, , , , ,84,48, , , , , , , ,18152, , ,City and County of Honolulu,SWQDC Other,SWQDC,jnolan,Edited by Parcels,TRUE, ,163.2771803,238,-157.7608023,21.27841944,
68,16584,59841,Ditch,645.5911735, , , , ,84,48, , , , , , , ,18152, , ,City and County of Honolulu,SWQDC Other,SWQDC,jnolan,Edited by Parcels,TRUE, ,645.5911735,242,-157.7607869,21.27844613,
67,16584,59841,Ditch,645.5911735, , , , ,84,48, , , , , , , ,18152, , ,City and County of Honolulu,SWQDC Other,SWQDC,jnolan,Edited by Parcels,TRUE, ,645.5911735,242,-157.7607448,21.27851987,
66,16584,59841,Ditch,645.5911735, , , , ,84,48, , , , , , , ,18152, , ,City and County of Honolulu,SWQDC Other,SWQDC,jnolan,Edited by Parcels,TRUE, ,645.5911735,242,-157.7606434,21.27868713,
65,16584,59841,Ditch,645.5911735, , , , ,84,48, , , , , , , ,18152, , ,City and County of Honolulu,SWQDC Other,SWQDC,jnolan,Edited by Parcels,TRUE, ,645.5911735,242,-157.7606132,21.27872541,
64,16584,59841,Ditch,645.5911735, , , , ,84,48, , , , , , , ,18152, , ,City and County of Honolulu,SWQDC Other,SWQDC,jnolan,Edited by Parcels,TRUE, ,645.5911735,242,-157.7605809,21.27875561,
52,16584,59841,Ditch,645.5911735, , , , ,84,48, , , , , , , ,18152, , ,City and County of Honolulu,SWQDC Other,SWQDC,jnolan,Edited by Parcels,TRUE, ,645.5911735,242,-157.7605479,21.28006278,
63,16584,59841,Ditch,645.5911735, , , , ,84,48, , , , , , , ,18152, , ,City and County of Honolulu,SWQDC Other,SWQDC,jnolan,Edited by Parcels,TRUE, ,645.5911735,242,-157.7605399,21.27878379,
53,16584,59841,Ditch,645.5911735, , , , ,84,48, , , , , , , ,18152, , ,City and County of Honolulu,SWQDC Other,SWQDC,jnolan,Edited by Parcels,TRUE, ,645.5911735,242,-157.7605273,21.27995759,
62,16584,59841,Ditch,645.5911735, , , , ,84,48, , , , , , , ,18152, , ,City and County of Honolulu,SWQDC Other,SWQDC,jnolan,Edited by Parcels,TRUE, ,645.5911735,242,-157.7605033,21.27879987,
61,16584,59841,Ditch,645.5911735, , , , ,84,48, , , , , , , ,18152, , ,City and County of Honolulu,SWQDC Other,SWQDC,jnolan,Edited by Parcels,TRUE, ,645.5911735,242,-157.7604689,21.27882604,
60,16584,59841,Ditch,645.5911735, , , , ,84,48, , , , , , , ,18152, , ,City and County of Honolulu,SWQDC Other,SWQDC,jnolan,Edited by Parcels,TRUE, ,645.5911735,242,-157.7604408,21.27885222,
59,16584,59841,Ditch,645.5911735, , , , ,84,48, , , , , , , ,18152, , ,City and County of Honolulu,SWQDC Other,SWQDC,jnolan,Edited by Parcels,TRUE, ,645.5911735,242,-157.760415,21.27888042,
58,16584,59841,Ditch,645.5911735, , , , ,84,48, , , , , , , ,18152, , ,City and County of Honolulu,SWQDC Other,SWQDC,jnolan,Edited by Parcels,TRUE, ,645.5911735,242,-157.7603934,21.27891468,
57,16584,59841,Ditch,645.5911735, , , , ,84,48, , , , , , , ,18152, , ,City and County of Honolulu,SWQDC Other,SWQDC,jnolan,Edited by Parcels,TRUE, ,645.5911735,242,-157.7603761,21.27894692,
56,16584,59841,Ditch,645.5911735, , , , ,84,48, , , , , , , ,18152, , ,City and County of Honolulu,SWQDC Other,SWQDC,jnolan,Edited by Parcels,TRUE, ,645.5911735,242,-157.7603632,21.27899128,
54,16584,59841,Ditch,645.5911735, , , , ,84,48, , , , , , , ,18152, , ,City and County of Honolulu,SWQDC Other,SWQDC,jnolan,Edited by Parcels,TRUE, ,645.5911735,242,-157.7603609,21.27908203,
55,16584,59841,Ditch,645.5911735, , , , ,84,48, , , , , , , ,18152, , ,City and County of Honolulu,SWQDC Other,SWQDC,jnolan,Edited by Parcels,TRUE, ,645.5911735,242,-157.7603566,21.27903362,
69,16585,59856,Box Culvert,70.07041949,Other, , , ,96,84, , , , , , , ,18153, , ,City and County of Honolulu,SWQDC Other,SWQDC,jnolan,Edited by Parcels,TRUE, ,70.07041949,243,-157.7606666,21.28253468,
70,16585,59856,Box Culvert,70.07041949,Other, , , ,96,84, , , , , , , ,18153, , ,City and County of Honolulu,SWQDC Other,SWQDC,jnolan,Edited by Parcels,TRUE, ,70.07041949,243,-157.7606159,21.28234771,
71,16586,59857,Ditch,75.98122579, , , , , , , , , , , , , ,18153, , ,City and County of Honolulu,SWQDC Other,SWQDC,jnolan,Edited by Parcels,TRUE, ,75.98122579,244,-157.7606978,21.28274179,
72,16586,59857,Ditch,75.98122579, , , , , , , , , , , , , ,18153, , ,City and County of Honolulu,SWQDC Other,SWQDC,jnolan,Edited by Parcels,TRUE, ,75.98122579,244,-157.7606666,21.28253468,
73,16592,59930,Channel,502.2046755, , , , , , , , , , , , , ,18153, , ,City and County of Honolulu,SWQDC Other,SWQDC,jnolan,TYPE=Drainage Canal; edited by State DOT and Parcels,TRUE, ,502.2046755,245,-157.7507711,21.27818677,93
74,16592,59930,Channel,502.2046755, , , , , , , , , , , , , ,18153, , ,City and County of Honolulu,SWQDC Other,SWQDC,jnolan,TYPE=Drainage Canal; edited by State DOT and Parcels,TRUE, ,502.2046755,245,-157.7507462,21.27813881,93
75,16592,59930,Channel,502.2046755, , , , , , , , , , , , , ,18153, , ,City and County of Honolulu,SWQDC Other,SWQDC,jnolan,TYPE=Drainage Canal; edited by State DOT and Parcels,TRUE, ,502.2046755,245,-157.7505441,21.27777648,93
76,16592,59930,Channel,502.2046755, , , , , , , , , , , , , ,18153, , ,City and County of Honolulu,SWQDC Other,SWQDC,jnolan,TYPE=Drainage Canal; edited by State DOT and Parcels,TRUE, ,502.2046755,245,-157.7502966,21.27711657,93
77,16592,59930,Channel,502.2046755, , , , , , , , , , , , , ,18153, , ,City and County of Honolulu,SWQDC Other,SWQDC,jnolan,TYPE=Drainage Canal; edited by State DOT and Parcels,TRUE, ,502.2046755,245,-157.7502435,21.27690142,93
78,16593,59934,Channel,66.50601264, , , , , , , , , , , , , ,18153, , ,City and County of Honolulu,SWQDC Other,SWQDC,jnolan,TYPE=Drainage Canal; edited by Parcels,TRUE, ,66.50601264,246,-157.7511637,21.27900398,11
79,16593,59934,Channel,66.50601264, , , , , , , , , , , , , ,18153, , ,City and County of Honolulu,SWQDC Other,SWQDC,jnolan,TYPE=Drainage Canal; edited by Parcels,TRUE, ,66.50601264,246,-157.7510861,21.278836,6
80,16594,59936,Channel,492.9360241, , , , , , , , , , , , , ,18154, , ,City and County of Honolulu,SWQDC Other,SWQDC,jnolan,TYPE=Drainage Canal; edited by Parcels,TRUE, ,492.9360241,247,-157.7517405,21.28024866,15
81,16594,59936,Channel,492.9360241, , , , , , , , , , , , , ,18154, , ,City and County of Honolulu,SWQDC Other,SWQDC,jnolan,TYPE=Drainage Canal; edited by Parcels,TRUE, ,492.9360241,247,-157.7512912,21.27927949,11
82,16594,59936,Channel,492.9360241, , , , , , , , , , , , , ,18154, , ,City and County of Honolulu,SWQDC Other,SWQDC,jnolan,TYPE=Drainage Canal; edited by Parcels,TRUE, ,492.9360241,247,-157.7511637,21.27900398,11
84,16595,59939,Reinforced Concrete Pipe,52.10688084,48, , ,186.189, , , , , , , , , ,Pre-SWQDC, ,"Constructed, existing ROW",City and County of Honolulu,Pre-SWQDC,Pre-SWQDC,jnolan,Edited by FILENUM 18154,TRUE, ,52.10688084,248,-157.7525112,21.28301854,26
83,16595,59939,Reinforced Concrete Pipe,52.10688084,48, , ,186.189, , , , , , , , , ,Pre-SWQDC, ,"Constructed, existing ROW",City and County of Honolulu,Pre-SWQDC,Pre-SWQDC,jnolan,Edited by FILENUM 18154,TRUE, ,52.10688084,248,-157.7523643,21.28305856,26
85,16596,59944,Channel,89.82139977, , , , , , , , , , , , , ,18154, , ,City and County of Honolulu,SWQDC Other,SWQDC,jnolan,TYPE=Drainage Canal; edited by Parcels,TRUE, ,89.82139977,249,-157.7528353,21.28261011,23
86,16596,59944,Channel,89.82139977, , , , , , , , , , , , , ,18154, , ,City and County of Honolulu,SWQDC Other,SWQDC,jnolan,TYPE=Drainage Canal; edited by Parcels,TRUE, ,89.82139977,249,-157.7528078,21.28255077,23
87,16596,59944,Channel,89.82139977, , , , , , , , , , , , , ,18154, , ,City and County of Honolulu,SWQDC Other,SWQDC,jnolan,TYPE=Drainage Canal; edited by Parcels,TRUE, ,89.82139977,249,-157.7527302,21.28238331,21
88,16597,59946,Channel,86.96461086, , , , , , , , , , , , , ,18154, , ,City and County of Honolulu,SWQDC Other,SWQDC,jnolan,TYPE=Drainage Canal; edited by Parcels,TRUE, ,86.96461086,250,-157.7529369,21.28282975,26
89,16597,59946,Channel,86.96461086, , , , , , , , , , , , , ,18154, , ,City and County of Honolulu,SWQDC Other,SWQDC,jnolan,TYPE=Drainage Canal; edited by Parcels,TRUE, ,86.96461086,250,-157.7528353,21.28261011,23
91,16601,59962,Reinforced Concrete Pipe,102.4725885,24, , ,127.379, , , , , , , , , ,Pre-SWQDC, ,"Constructed, existing ROW",City and County of Honolulu,Pre-SWQDC,Pre-SWQDC,jnolan,Edited by FILENUM 18154,TRUE, ,102.4725885,253,-157.7493317,21.28435165,91
90,16601,59962,Reinforced Concrete Pipe,102.4725885,24, , ,127.379, , , , , , , , , ,Pre-SWQDC, ,"Constructed, existing ROW",City and County of Honolulu,Pre-SWQDC,Pre-SWQDC,jnolan,Edited by FILENUM 18154,TRUE, ,102.4725885,253,-157.7492828,21.28463,84
92,16602,59972,Channel,143.9181479, , , , , , , , , , , , , ,18154, , ,City and County of Honolulu,SWQDC Other,SWQDC,jnolan,TYPE=Drainage Canal; edited by Parcels,TRUE, ,143.9181479,254,-157.7538444,21.28479185,32
93,16602,59972,Channel,143.9181479, , , , , , , , , , , , , ,18154, , ,City and County of Honolulu,SWQDC Other,SWQDC,jnolan,TYPE=Drainage Canal; edited by Parcels,TRUE, ,143.9181479,254,-157.7538253,21.28474955,32
94,16602,59972,Channel,143.9181479, , , , , , , , , , , , , ,18154, , ,City and County of Honolulu,SWQDC Other,SWQDC,jnolan,TYPE=Drainage Canal; edited by Parcels,TRUE, ,143.9181479,254,-157.7536766,21.28442822,30
95,16604,59988,Channel,96.8330211, , , , , , , , , , , , , ,18154, , ,City and County of Honolulu,SWQDC Other,SWQDC,jnolan,TYPE=Drainage Canal; edited by Parcels,TRUE, ,96.8330211,256,-157.7559062,21.28763521,8
96,16604,59988,Channel,96.8330211, , , , , , , , , , , , , ,18154, , ,City and County of Honolulu,SWQDC Other,SWQDC,jnolan,TYPE=Drainage Canal; edited by Parcels,TRUE, ,96.8330211,256,-157.7559011,21.28762733,8
97,16604,59988,Channel,96.8330211, , , , , , , , , , , , , ,18154, , ,City and County of Honolulu,SWQDC Other,SWQDC,jnolan,TYPE=Drainage Canal; edited by Parcels,TRUE, ,96.8330211,256,-157.7558324,21.28753404,37
98,16604,59988,Channel,96.8330211, , , , , , , , , , , , , ,18154, , ,City and County of Honolulu,SWQDC Other,SWQDC,jnolan,TYPE=Drainage Canal; edited by Parcels,TRUE, ,96.8330211,256,-157.7557278,21.28742861,37
105,16608,60015,Channel,317.916577, , , , , , , , , , , , , ,18149, , ,City and County of Honolulu,SWQDC Other,SWQDC,jnolan,TYPE=Drainage Canal; edited by Parcels,TRUE, ,317.916577,259,-157.7564203,21.2906419,27
104,16608,60015,Channel,317.916577, , , , , , , , , , , , , ,18149, , ,City and County of Honolulu,SWQDC Other,SWQDC,jnolan,TYPE=Drainage Canal; edited by Parcels,TRUE, ,317.916577,259,-157.756397,21.29071788,27
103,16608,60015,Channel,317.916577, , , , , , , , , , , , , ,18149, , ,City and County of Honolulu,SWQDC Other,SWQDC,jnolan,TYPE=Drainage Canal; edited by Parcels,TRUE, ,317.916577,259,-157.756347,21.29085043,27
102,16608,60015,Channel,317.916577, , , , , , , , , , , , , ,18149, , ,City and County of Honolulu,SWQDC Other,SWQDC,jnolan,TYPE=Drainage Canal; edited by Parcels,TRUE, ,317.916577,259,-157.7562933,21.29095789,27
101,16608,60015,Channel,317.916577, , , , , , , , , , , , , ,18149, , ,City and County of Honolulu,SWQDC Other,SWQDC,jnolan,TYPE=Drainage Canal; edited by Parcels,TRUE, ,317.916577,259,-157.7562089,21.29110831,27
100,16608,60015,Channel,317.916577, , , , , , , , , , , , , ,18149, , ,City and County of Honolulu,SWQDC Other,SWQDC,jnolan,TYPE=Drainage Canal; edited by Parcels,TRUE, ,317.916577,259,-157.7560977,21.29127304,27
99,16608,60015,Channel,317.916577, , , , , , , , , , , , , ,18149, , ,City and County of Honolulu,SWQDC Other,SWQDC,jnolan,TYPE=Drainage Canal; edited by Parcels,TRUE, ,317.916577,259,-157.7560002,21.29141878,29
106,16609,60020,Channel,196.7499025, , , , , , , , , , , , , ,18150, , ,City and County of Honolulu,SWQDC Other,SWQDC,jnolan,TYPE=Drainage Canal; edited by Parcels,TRUE, ,196.7499025,260,-157.755533,21.29249945,46
354,16609,60020,Channel,196.7499025, , , , , , , , , , , , , ,18150, , ,City and County of Honolulu,SWQDC Other,SWQDC,jnolan,TYPE=Drainage Canal; edited by Parcels,TRUE, ,196.7499025,260,-157.7553766,21.29302086,7
357,16610,60024,Channel,129.1991065, , , , , , , , , , , , , ,15551, , ,City and County of Honolulu,SWQDC Other,SWQDC,jnolan,Edited by Parcels,TRUE, ,129.1991065,261,-157.7533444,21.29287235,7
356,16610,60024,Channel,129.1991065, , , , , , , , , , , , , ,15551, , ,City and County of Honolulu,SWQDC Other,SWQDC,jnolan,Edited by Parcels,TRUE, ,129.1991065,261,-157.7533183,21.29287842,7
355,16610,60024,Channel,129.1991065, , , , , , , , , , , , , ,15551, , ,City and County of Honolulu,SWQDC Other,SWQDC,jnolan,Edited by Parcels,TRUE, ,129.1991065,261,-157.7530884,21.293129,7
369,16611,60025,Channel,499.3782121, , , , , , , , , , , , , ,15551, , ,City and County of Honolulu,SWQDC Other,SWQDC,jnolan,Edited by Parcels,TRUE, ,499.3782121,262,-157.7546946,21.29324964,7
368,16611,60025,Channel,499.3782121, , , , , , , , , , , , , ,15551, , ,City and County of Honolulu,SWQDC Other,SWQDC,jnolan,Edited by Parcels,TRUE, ,499.3782121,262,-157.754622,21.29324953,7
367,16611,60025,Channel,499.3782121, , , , , , , , , , , , , ,15551, , ,City and County of Honolulu,SWQDC Other,SWQDC,jnolan,Edited by Parcels,TRUE, ,499.3782121,262,-157.7545302,21.29322431,7
366,16611,60025,Channel,499.3782121, , , , , , , , , , , , , ,15551, , ,City and County of Honolulu,SWQDC Other,SWQDC,jnolan,Edited by Parcels,TRUE, ,499.3782121,262,-157.7544385,21.2931704,7
365,16611,60025,Channel,499.3782121, , , , , , , , , , , , , ,15551, , ,City and County of Honolulu,SWQDC Other,SWQDC,jnolan,Edited by Parcels,TRUE, ,499.3782121,262,-157.7543774,21.29311655,7
364,16611,60025,Channel,499.3782121, , , , , , , , , , , , , ,15551, , ,City and County of Honolulu,SWQDC Other,SWQDC,jnolan,Edited by Parcels,TRUE, ,499.3782121,262,-157.7542972,21.29304833,7
363,16611,60025,Channel,499.3782121, , , , , , , , , , , , , ,15551, , ,City and County of Honolulu,SWQDC Other,SWQDC,jnolan,Edited by Parcels,TRUE, ,499.3782121,262,-157.7542017,21.29299442,7
362,16611,60025,Channel,499.3782121, , , , , , , , , , , , , ,15551, , ,City and County of Honolulu,SWQDC Other,SWQDC,jnolan,Edited by Parcels,TRUE, ,499.3782121,262,-157.7541061,21.29295485,7
361,16611,60025,Channel,499.3782121, , , , , , , , , , , , , ,15551, , ,City and County of Honolulu,SWQDC Other,SWQDC,jnolan,Edited by Parcels,TRUE, ,499.3782121,262,-157.7540105,21.2929332,7
360,16611,60025,Channel,499.3782121, , , , , , , , , , , , , ,15551, , ,City and County of Honolulu,SWQDC Other,SWQDC,jnolan,Edited by Parcels,TRUE, ,499.3782121,262,-157.7539035,21.29291513,7
359,16611,60025,Channel,499.3782121, , , , , , , , , , , , , ,15551, , ,City and County of Honolulu,SWQDC Other,SWQDC,jnolan,Edited by Parcels,TRUE, ,499.3782121,262,-157.753827,21.29290784,7
107,16611,60025,Channel,499.3782121, , , , , , , , , , , , , ,15551, , ,City and County of Honolulu,SWQDC Other,SWQDC,jnolan,Edited by Parcels,TRUE, ,499.3782121,262,-157.7535173,21.29283212,7
358,16611,60025,Channel,499.3782121, , , , , , , , , , , , , ,15551, , ,City and County of Honolulu,SWQDC Other,SWQDC,jnolan,Edited by Parcels,TRUE, ,499.3782121,262,-157.7533444,21.29287235,7
370,16612,60037,Channel,309.1400009, , , , , , , , , , , , , ,18153, , ,City and County of Honolulu,SWQDC Other,SWQDC,jnolan,TYPE=Drainage Canal; edited by Parcels,TRUE, ,309.1400009,263,-157.7553727,21.29545296,18
371,16612,60037,Channel,309.1400009, , , , , , , , , , , , , ,18153, , ,City and County of Honolulu,SWQDC Other,SWQDC,jnolan,TYPE=Drainage Canal; edited by Parcels,TRUE, ,309.1400009,263,-157.755258,21.29460874,14
372,16613,60041,Channel,10.82650976, , , , , , , , , , , , , ,18153, , ,City and County of Honolulu,SWQDC Other,SWQDC,jnolan,TYPE=Drainage Canal; edited by Parcels,TRUE, ,10.82650976,264,-157.7555439,21.29663239,88
373,16613,60041,Channel,10.82650976, , , , , , , , , , , , , ,18153, , ,City and County of Honolulu,SWQDC Other,SWQDC,jnolan,TYPE=Drainage Canal; edited by Parcels,TRUE, ,10.82650976,264,-157.7555382,21.29660952,88
374,16613,60041,Channel,10.82650976, , , , , , , , , , , , , ,18153, , ,City and County of Honolulu,SWQDC Other,SWQDC,jnolan,TYPE=Drainage Canal; edited by Parcels,TRUE, ,10.82650976,264,-157.7555366,21.29660339,88
375,16614,60045,Channel,157.0279967, , , , , , , , , , , , , ,18151, , ,City and County of Honolulu,SWQDC Other,SWQDC,jnolan,TYPE=Drainage Canal; edited by Parcels,TRUE, ,157.0279967,265,-157.7559755,21.29818216,16
376,16614,60045,Channel,157.0279967, , , , , , , , , , , , , ,18151, , ,City and County of Honolulu,SWQDC Other,SWQDC,jnolan,TYPE=Drainage Canal; edited by Parcels,TRUE, ,157.0279967,265,-157.7558587,21.29776398,12
112,18152,59852,Channel,173.0929793, , , , ,84,48, , , , , , , ,18153, , ,City and County of Honolulu,SWQDC Other,SWQDC,jnolan,Edited by Parcels and FILENUM 8911,TRUE, ,173.0929793,273,-157.7606185,21.28079472,
111,18152,59852,Channel,173.0929793, , , , ,84,48, , , , , , , ,18153, , ,City and County of Honolulu,SWQDC Other,SWQDC,jnolan,Edited by Parcels and FILENUM 8911,TRUE, ,173.0929793,273,-157.760618,21.28107507,
110,18152,59852,Channel,173.0929793, , , , ,84,48, , , , , , , ,18153, , ,City and County of Honolulu,SWQDC Other,SWQDC,jnolan,Edited by Parcels and FILENUM 8911,TRUE, ,173.0929793,273,-157.7606115,21.28112346,
109,18152,59852,Channel,173.0929793, , , , ,84,48, , , , , , , ,18153, , ,City and County of Honolulu,SWQDC Other,SWQDC,jnolan,Edited by Parcels and FILENUM 8911,TRUE, ,173.0929793,273,-157.7606027,21.28120413,
108,18152,59852,Channel,173.0929793, , , , ,84,48, , , , , , , ,18153, , ,City and County of Honolulu,SWQDC Other,SWQDC,jnolan,Edited by Parcels and FILENUM 8911,TRUE, ,173.0929793,273,-157.7605982,21.28127029,
113,18462,18942,Reinforced Concrete Pipe,43.51146584,30, , ,43.512, , , , , , , , , ,Pre-SWQDC, ,"Constructed, existing ROW",City and County of Honolulu,Pre-SWQDC,Pre-SWQDC,jnolan, ,TRUE, ,43.51146584,281,-157.7556705,21.28390091,62
114,18462,18942,Reinforced Concrete Pipe,43.51146584,30, , ,43.512, , , , , , , , , ,Pre-SWQDC, ,"Constructed, existing ROW",City and County of Honolulu,Pre-SWQDC,Pre-SWQDC,jnolan, ,TRUE, ,43.51146584,281,-157.7555427,21.28389793,62
115,19779,59966,Channel,431.8436824, , , , , , , , , , , , , ,18154, , ,City and County of Honolulu,SWQDC Other,SWQDC,jnolan,TYPE=Drainage Canal; edited by Parcels,TRUE, ,431.8436824,298,-157.7534416,21.28392041,28
116,19779,59966,Channel,431.8436824, , , , , , , , , , , , , ,18154, , ,City and County of Honolulu,SWQDC Other,SWQDC,jnolan,TYPE=Drainage Canal; edited by Parcels,TRUE, ,431.8436824,298,-157.7529369,21.28282975,26
117,19780,59986,Channel,177.8912332, , , , , , , , , , , , , ,18154, , ,City and County of Honolulu,SWQDC Other,SWQDC,jnolan,TYPE=Drainage Canal; edited by Parcels,TRUE, ,177.8912332,299,-157.7557278,21.28742861,37
118,19780,59986,Channel,177.8912332, , , , , , , , , , , , , ,18154, , ,City and County of Honolulu,SWQDC Other,SWQDC,jnolan,TYPE=Drainage Canal; edited by Parcels,TRUE, ,177.8912332,299,-157.755372,21.28706999,36
378,19782,60027,Channel,100.0337434, , , , , , , , , , , , , ,18153, , ,City and County of Honolulu,SWQDC Other,SWQDC,jnolan,TYPE=Drainage Canal; edited by Parcels,TRUE, ,100.0337434,301,-157.7553766,21.29302086,7
377,19782,60027,Channel,100.0337434, , , , , , , , , , , , , ,18153, , ,City and County of Honolulu,SWQDC Other,SWQDC,jnolan,TYPE=Drainage Canal; edited by Parcels,TRUE, ,100.0337434,301,-157.7552969,21.29328591,10
119,20206,19122,Reinforced Concrete Pipe,24.64123559,24, , ,24.641, , , , , , , , , ,Pre-SWQDC, ,"Constructed, existing ROW",City and County of Honolulu,Pre-SWQDC,Pre-SWQDC,jnolan, ,TRUE, ,24.64123559,309,-157.7564178,21.28427433,62
120,20206,19122,Reinforced Concrete Pipe,24.64123559,24, , ,24.641, , , , , , , , , ,Pre-SWQDC, ,"Constructed, existing ROW",City and County of Honolulu,Pre-SWQDC,Pre-SWQDC,jnolan, ,TRUE, ,24.64123559,309,-157.756392,21.28429059,62
121,20206,19122,Reinforced Concrete Pipe,24.64123559,24, , ,24.641, , , , , , , , , ,Pre-SWQDC, ,"Constructed, existing ROW",City and County of Honolulu,Pre-SWQDC,Pre-SWQDC,jnolan, ,TRUE, ,24.64123559,309,-157.7563524,21.2843015,62
122,20331,17171,Reinforced Concrete Pipe,31.14593277,24, , ,31.146, , , , , , , , , ,Pre-SWQDC, , ,Private,Pre-SWQDC,Pre-SWQDC,jnolan,OWNERSHIP taken from Parcels & Easements;,TRUE, ,31.14593277,311,-157.7521807,21.28851934,89
123,20331,17171,Reinforced Concrete Pipe,31.14593277,24, , ,31.146, , , , , , , , , ,Pre-SWQDC, , ,Private,Pre-SWQDC,Pre-SWQDC,jnolan,OWNERSHIP taken from Parcels & Easements;,TRUE, ,31.14593277,311,-157.7520897,21.2885275,89
126,21537,59834,Ditch,11.02243275, , , , ,84,48, , , , , , , ,18152, , ,City and County of Honolulu,SWQDC Other,SWQDC,jnolan,Edited by Parcels,TRUE, ,11.02243275,324,-157.7608023,21.27841944,
125,21537,59834,Ditch,11.02243275, , , , ,84,48, , , , , , , ,18152, , ,City and County of Honolulu,SWQDC Other,SWQDC,jnolan,Edited by Parcels,TRUE, ,11.02243275,324,-157.7607966,21.27842918,
124,21537,59834,Ditch,11.02243275, , , , ,84,48, , , , , , , ,18152, , ,City and County of Honolulu,SWQDC Other,SWQDC,jnolan,Edited by Parcels,TRUE, ,11.02243275,324,-157.7607869,21.27844613,
127,21539,59938,Channel,344.7076358, , , , , , , , , , , , , ,18154, , ,City and County of Honolulu,SWQDC Other,SWQDC,jnolan,TYPE=Drainage Canal; edited by Parcels,TRUE, ,344.7076358,325,-157.752144,21.28111898,19
128,21539,59938,Channel,344.7076358, , , , , , , , , , , , , ,18154, , ,City and County of Honolulu,SWQDC Other,SWQDC,jnolan,TYPE=Drainage Canal; edited by Parcels,TRUE, ,344.7076358,325,-157.7517405,21.28024866,15
129,21996,18941,Reinforced Concrete Pipe,274.5645076,30, , ,274.564, , , , , , , , , ,Pre-SWQDC, ,"Constructed, existing ROW",City and County of Honolulu,Pre-SWQDC,Pre-SWQDC,jnolan, ,TRUE, ,274.5645076,329,-157.7563524,21.2843015,62
130,21996,18941,Reinforced Concrete Pipe,274.5645076,30, , ,274.564, , , , , , , , , ,Pre-SWQDC, ,"Constructed, existing ROW",City and County of Honolulu,Pre-SWQDC,Pre-SWQDC,jnolan, ,TRUE, ,274.5645076,329,-157.7561723,21.28419224,62
131,21996,18941,Reinforced Concrete Pipe,274.5645076,30, , ,274.564, , , , , , , , , ,Pre-SWQDC, ,"Constructed, existing ROW",City and County of Honolulu,Pre-SWQDC,Pre-SWQDC,jnolan, ,TRUE, ,274.5645076,329,-157.7558004,21.28396667,62
132,21996,18941,Reinforced Concrete Pipe,274.5645076,30, , ,274.564, , , , , , , , , ,Pre-SWQDC, ,"Constructed, existing ROW",City and County of Honolulu,Pre-SWQDC,Pre-SWQDC,jnolan, ,TRUE, ,274.5645076,329,-157.7557035,21.28390881,62
133,21996,18941,Reinforced Concrete Pipe,274.5645076,30, , ,274.564, , , , , , , , , ,Pre-SWQDC, ,"Constructed, existing ROW",City and County of Honolulu,Pre-SWQDC,Pre-SWQDC,jnolan, ,TRUE, ,274.5645076,329,-157.7556705,21.28390091,62
137,22223,17826,Reinforced Concrete Pipe,245.3433599,48, , ,245.346, , , , , , , , , ,Pre-SWQDC, ,"Constructed, existing ROW",City and County of Honolulu,Pre-SWQDC,Pre-SWQDC,jnolan, ,TRUE, ,245.3433599,339,-157.7523643,21.28305856,26
136,22223,17826,Reinforced Concrete Pipe,245.3433599,48, , ,245.346, , , , , , , , , ,Pre-SWQDC, ,"Constructed, existing ROW",City and County of Honolulu,Pre-SWQDC,Pre-SWQDC,jnolan, ,TRUE, ,245.3433599,339,-157.7521685,21.2831004,26
135,22223,17826,Reinforced Concrete Pipe,245.3433599,48, , ,245.346, , , , , , , , , ,Pre-SWQDC, ,"Constructed, existing ROW",City and County of Honolulu,Pre-SWQDC,Pre-SWQDC,jnolan, ,TRUE, ,245.3433599,339,-157.7519037,21.28315956,26
134,22223,17826,Reinforced Concrete Pipe,245.3433599,48, , ,245.346, , , , , , , , , ,Pre-SWQDC, ,"Constructed, existing ROW",City and County of Honolulu,Pre-SWQDC,Pre-SWQDC,jnolan, ,TRUE, ,245.3433599,339,-157.7516617,21.28320852,91
138,22292,19624,Reinforced Concrete Pipe,85.46670161,24, , ,90, , , , , , , , , ,Pre-SWQDC, ,"Constructed, existing ROW",City and County of Honolulu,Pre-SWQDC,Pre-SWQDC,jnolan, ,TRUE, ,85.46670161,346,-157.7561766,21.27445035,74
139,22292,19624,Reinforced Concrete Pipe,85.46670161,24, , ,90, , , , , , , , , ,Pre-SWQDC, ,"Constructed, existing ROW",City and County of Honolulu,Pre-SWQDC,Pre-SWQDC,jnolan, ,TRUE, ,85.46670161,346,-157.7561361,21.27421816,74
141,23383,59940,Reinforced Concrete Pipe,129.9351822,48, , ,186.189, , , , , , , , , ,Pre-SWQDC, ,"Constructed, existing ROW",City and County of Honolulu,Pre-SWQDC,Pre-SWQDC,jnolan,Edited by FILENUM 18154,TRUE, ,129.9351822,355,-157.7528539,21.28286107,26
140,23383,59940,Reinforced Concrete Pipe,129.9351822,48, , ,186.189, , , , , , , , , ,Pre-SWQDC, ,"Constructed, existing ROW",City and County of Honolulu,Pre-SWQDC,Pre-SWQDC,jnolan,Edited by FILENUM 18154,TRUE, ,129.9351822,355,-157.7525112,21.28301854,26
142,23384,59992,Channel,145.6629542, , , , , , , , , , , , , ,18149, , ,City and County of Honolulu,SWQDC Other,SWQDC,jnolan,TYPE=Drainage Canal; edited by Parcels,TRUE, ,145.6629542,356,-157.7560363,21.28801196,8
143,23384,59992,Channel,145.6629542, , , , , , , , , , , , , ,18149, , ,City and County of Honolulu,SWQDC Other,SWQDC,jnolan,TYPE=Drainage Canal; edited by Parcels,TRUE, ,145.6629542,356,-157.7560343,21.28800031,8
144,23384,59992,Channel,145.6629542, , , , , , , , , , , , , ,18149, , ,City and County of Honolulu,SWQDC Other,SWQDC,jnolan,TYPE=Drainage Canal; edited by Parcels,TRUE, ,145.6629542,356,-157.7560154,21.287882,8
145,23384,59992,Channel,145.6629542, , , , , , , , , , , , , ,18149, , ,City and County of Honolulu,SWQDC Other,SWQDC,jnolan,TYPE=Drainage Canal; edited by Parcels,TRUE, ,145.6629542,356,-157.7559926,21.28778877,8
146,23384,59992,Channel,145.6629542, , , , , , , , , , , , , ,18149, , ,City and County of Honolulu,SWQDC Other,SWQDC,jnolan,TYPE=Drainage Canal; edited by Parcels,TRUE, ,145.6629542,356,-157.7559506,21.28770268,8
147,23384,59992,Channel,145.6629542, , , , , , , , , , , , , ,18149, , ,City and County of Honolulu,SWQDC Other,SWQDC,jnolan,TYPE=Drainage Canal; edited by Parcels,TRUE, ,145.6629542,356,-157.7559062,21.28763521,8
148,23848,17172,Reinforced Concrete Pipe,147.471064,24, , ,147.471, , , , , , , , , ,Pre-SWQDC, ,"Constructed, existing ROW",City and County of Honolulu,Pre-SWQDC,Pre-SWQDC,jnolan, ,TRUE, ,147.471064,362,-157.7524714,21.28882035,89
149,23848,17172,Reinforced Concrete Pipe,147.471064,24, , ,147.471, , , , , , , , , ,Pre-SWQDC, ,"Constructed, existing ROW",City and County of Honolulu,Pre-SWQDC,Pre-SWQDC,jnolan, ,TRUE, ,147.471064,362,-157.7521807,21.28851934,89
151,25657,16788,Reinforced Concrete Pipe,42.69987736,18, , ,42.7, , , , , , , , , ,Pre-SWQDC, ,"Constructed, existing ROW",City and County of Honolulu,Pre-SWQDC,Pre-SWQDC,jnolan, ,TRUE, ,42.69987736,382,-157.757616,21.28460954,62
150,25657,16788,Reinforced Concrete Pipe,42.69987736,18, , ,42.7, , , , , , , , , ,Pre-SWQDC, ,"Constructed, existing ROW",City and County of Honolulu,Pre-SWQDC,Pre-SWQDC,jnolan, ,TRUE, ,42.69987736,382,-157.7574966,21.28464556,62
154,25944,22136,Reinforced Concrete Pipe,59.92639195,36, , ,59.926, , , , , , , , , ,Pre-SWQDC, ,"Constructed, existing ROW",City and County of Honolulu,Pre-SWQDC,Pre-SWQDC,jnolan, ,TRUE, ,59.92639195,394,-157.7507683,21.27936668,11
153,25944,22136,Reinforced Concrete Pipe,59.92639195,36, , ,59.926, , , , , , , , , ,Pre-SWQDC, ,"Constructed, existing ROW",City and County of Honolulu,Pre-SWQDC,Pre-SWQDC,jnolan, ,TRUE, ,59.92639195,394,-157.7506967,21.2793427,11
152,25944,22136,Reinforced Concrete Pipe,59.92639195,36, , ,59.926, , , , , , , , , ,Pre-SWQDC, ,"Constructed, existing ROW",City and County of Honolulu,Pre-SWQDC,Pre-SWQDC,jnolan, ,TRUE, ,59.92639195,394,-157.7506013,21.27931456,11
155,26830,59978,Channel,337.4193024, , , , , , , , , , , , , ,18154, , ,City and County of Honolulu,SWQDC Other,SWQDC,jnolan,TYPE=Drainage Canal; edited by Parcels,TRUE, ,337.4193024,397,-157.7547798,21.2864591,35
156,26830,59978,Channel,337.4193024, , , , , , , , , , , , , ,18154, , ,City and County of Honolulu,SWQDC Other,SWQDC,jnolan,TYPE=Drainage Canal; edited by Parcels,TRUE, ,337.4193024,397,-157.754706,21.2863782,33
157,26830,59978,Channel,337.4193024, , , , , , , , , , , , , ,18154, , ,City and County of Honolulu,SWQDC Other,SWQDC,jnolan,TYPE=Drainage Canal; edited by Parcels,TRUE, ,337.4193024,397,-157.7546297,21.28627772,33
158,26830,59978,Channel,337.4193024, , , , , , , , , , , , , ,18154, , ,City and County of Honolulu,SWQDC Other,SWQDC,jnolan,TYPE=Drainage Canal; edited by Parcels,TRUE, ,337.4193024,397,-157.7545534,21.28618083,33
159,26830,59978,Channel,337.4193024, , , , , , , , , , , , , ,18154, , ,City and County of Honolulu,SWQDC Other,SWQDC,jnolan,TYPE=Drainage Canal; edited by Parcels,TRUE, ,337.4193024,397,-157.7544618,21.28603731,33
160,26830,59978,Channel,337.4193024, , , , , , , , , , , , , ,18154, , ,City and County of Honolulu,SWQDC Other,SWQDC,jnolan,TYPE=Drainage Canal; edited by Parcels,TRUE, ,337.4193024,397,-157.754397,21.28593327,33
161,26830,59978,Channel,337.4193024, , , , , , , , , , , , , ,18154, , ,City and County of Honolulu,SWQDC Other,SWQDC,jnolan,TYPE=Drainage Canal; edited by Parcels,TRUE, ,337.4193024,397,-157.7543055,21.28576108,33
162,26830,59978,Channel,337.4193024, , , , , , , , , , , , , ,18154, , ,City and County of Honolulu,SWQDC Other,SWQDC,jnolan,TYPE=Drainage Canal; edited by Parcels,TRUE, ,337.4193024,397,-157.7542612,21.28567162,33
164,27447,17001,Reinforced Concrete Pipe,161.561599,18, , ,161.563, , , , , , , , , ,Pre-SWQDC, ,"Constructed, existing ROW",City and County of Honolulu,Pre-SWQDC,Pre-SWQDC,jnolan, ,TRUE, ,161.561599,406,-157.7568379,21.28712392,59
163,27447,17001,Reinforced Concrete Pipe,161.561599,18, , ,161.563, , , , , , , , , ,Pre-SWQDC, ,"Constructed, existing ROW",City and County of Honolulu,Pre-SWQDC,Pre-SWQDC,jnolan, ,TRUE, ,161.561599,406,-157.7564204,21.28733545,59
165,27471,17169,Reinforced Concrete Pipe,22.23328478,24, , ,22.233, , , , , , , , , ,Pre-SWQDC, , ,Private,Pre-SWQDC,Pre-SWQDC,jnolan,OWNERSHIP taken from Parcels & Easements;,TRUE, ,22.23328478,408,-157.7520897,21.2885275,89
166,27471,17169,Reinforced Concrete Pipe,22.23328478,24, , ,22.233, , , , , , , , , ,Pre-SWQDC, , ,Private,Pre-SWQDC,Pre-SWQDC,jnolan,OWNERSHIP taken from Parcels & Easements;,TRUE, ,22.23328478,408,-157.752025,21.28853625,89
167,27485,17378,Reinforced Concrete Pipe,41.65697994,30, , ,41.658, , , , , , , , , ,Pre-SWQDC, ,"Constructed, existing ROW",City and County of Honolulu,Pre-SWQDC,Pre-SWQDC,jnolan, ,TRUE, ,41.65697994,409,-157.7556609,21.28859523,13
168,27485,17378,Reinforced Concrete Pipe,41.65697994,30, , ,41.658, , , , , , , , , ,Pre-SWQDC, ,"Constructed, existing ROW",City and County of Honolulu,Pre-SWQDC,Pre-SWQDC,jnolan, ,TRUE, ,41.65697994,409,-157.7555415,21.28862043,13
172,28651,60017,Channel,73.50379769, , , , , , , , , , , , , ,18150, , ,City and County of Honolulu,SWQDC Other,SWQDC,jnolan,TYPE=Drainage Canal; edited by Parcels,TRUE, ,73.50379769,430,-157.7560002,21.29141878,29
171,28651,60017,Channel,73.50379769, , , , , , , , , , , , , ,18150, , ,City and County of Honolulu,SWQDC Other,SWQDC,jnolan,TYPE=Drainage Canal; edited by Parcels,TRUE, ,73.50379769,430,-157.7559827,21.29144493,29
170,28651,60017,Channel,73.50379769, , , , , , , , , , , , , ,18150, , ,City and County of Honolulu,SWQDC Other,SWQDC,jnolan,TYPE=Drainage Canal; edited by Parcels,TRUE, ,73.50379769,430,-157.7559137,21.29157387,31
169,28651,60017,Channel,73.50379769, , , , , , , , , , , , , ,18150, , ,City and County of Honolulu,SWQDC Other,SWQDC,jnolan,TYPE=Drainage Canal; edited by Parcels,TRUE, ,73.50379769,430,-157.7559009,21.2915983,31
379,28652,60049,Channel,211.0042883, , , , , , , , , , , , , ,18151, , ,City and County of Honolulu,SWQDC Other,SWQDC,jnolan,TYPE=Drainage Canal; edited by Parcels,TRUE, ,211.0042883,431,-157.7560942,21.29926638,
380,28652,60049,Channel,211.0042883, , , , , , , , , , , , , ,18151, , ,City and County of Honolulu,SWQDC Other,SWQDC,jnolan,TYPE=Drainage Canal; edited by Parcels,TRUE, ,211.0042883,431,-157.7560744,21.2986858,
382,28968,16128,Reinforced Concrete Pipe,31.87376151,18, , ,31.874, , , , , , , , , ,Pre-SWQDC, ,"Constructed, existing ROW",City and County of Honolulu,Pre-SWQDC,Pre-SWQDC,jnolan, ,TRUE, ,31.87376151,432,-157.7526839,21.29301646,7
381,28968,16128,Reinforced Concrete Pipe,31.87376151,18, , ,31.874, , , , , , , , , ,Pre-SWQDC, ,"Constructed, existing ROW",City and County of Honolulu,Pre-SWQDC,Pre-SWQDC,jnolan, ,TRUE, ,31.87376151,432,-157.7525954,21.293045,7
173,29119,19518,Reinforced Concrete Pipe,77.92584776,24, , ,77.926, , , , , , , , , ,Pre-SWQDC, ,"Constructed, existing ROW",City and County of Honolulu,Pre-SWQDC,Pre-SWQDC,jnolan, ,TRUE, ,77.92584776,438,-157.7540867,21.28913601,89
174,29119,19518,Reinforced Concrete Pipe,77.92584776,24, , ,77.926, , , , , , , , , ,Pre-SWQDC, ,"Constructed, existing ROW",City and County of Honolulu,Pre-SWQDC,Pre-SWQDC,jnolan, ,TRUE, ,77.92584776,438,-157.753858,21.28914345,89
175,29205,16751,Reinforced Concrete Pipe,185.9352877,18, , ,174.124, , , , , , , , , ,Pre-SWQDC, ,"Constructed, existing ROW",City and County of Honolulu,Pre-SWQDC,Pre-SWQDC,jnolan, ,TRUE, ,185.9352877,442,-157.761481,21.27709753,
176,29205,16751,Reinforced Concrete Pipe,185.9352877,18, , ,174.124, , , , , , , , , ,Pre-SWQDC, ,"Constructed, existing ROW",City and County of Honolulu,Pre-SWQDC,Pre-SWQDC,jnolan, ,TRUE, ,185.9352877,442,-157.7613769,21.27659635,
177,29205,16751,Reinforced Concrete Pipe,185.9352877,18, , ,174.124, , , , , , , , , ,Pre-SWQDC, ,"Constructed, existing ROW",City and County of Honolulu,Pre-SWQDC,Pre-SWQDC,jnolan, ,TRUE, ,185.9352877,442,-157.7613769,21.27659761,
180,29279,13156,Reinforced Concrete Pipe,101.1672964,24, , ,100.004, , , , , , , , , ,Pre-SWQDC, ,"Constructed, existing ROW",City and County of Honolulu,Pre-SWQDC,Pre-SWQDC,jnolan, ,TRUE, ,101.1672964,445,-157.7493857,21.2840778,91
179,29279,13156,Reinforced Concrete Pipe,101.1672964,24, , ,100.004, , , , , , , , , ,Pre-SWQDC, ,"Constructed, existing ROW",City and County of Honolulu,Pre-SWQDC,Pre-SWQDC,jnolan, ,TRUE, ,101.1672964,445,-157.7493528,21.28424454,91
178,29279,13156,Reinforced Concrete Pipe,101.1672964,24, , ,100.004, , , , , , , , , ,Pre-SWQDC, ,"Constructed, existing ROW",City and County of Honolulu,Pre-SWQDC,Pre-SWQDC,jnolan, ,TRUE, ,101.1672964,445,-157.7493317,21.28435165,91
182,30413,59828,Ditch,270.2265915, , , ,590.332,60,36, , , , , , , ,Pre-SWQDC, ,"Constructed, existing ROW",City and County of Honolulu,Pre-SWQDC,Pre-SWQDC,jnolan,Edited by FILENUM 18152,TRUE, ,270.2265915,466,-157.7610211,21.27799386,
181,30413,59828,Ditch,270.2265915, , , ,590.332,60,36, , , , , , , ,Pre-SWQDC, ,"Constructed, existing ROW",City and County of Honolulu,Pre-SWQDC,Pre-SWQDC,jnolan,Edited by FILENUM 18152,TRUE, ,270.2265915,466,-157.7610205,21.27802308,
183,30413,59828,Ditch,270.2265915, , , ,590.332,60,36, , , , , , , ,Pre-SWQDC, ,"Constructed, existing ROW",City and County of Honolulu,Pre-SWQDC,Pre-SWQDC,jnolan,Edited by FILENUM 18152,TRUE, ,270.2265915,466,-157.7608898,21.27728986,
184,30414,59996,Channel,162.9611313, , , , , , , , , , , , , ,18149, , ,City and County of Honolulu,SWQDC Other,SWQDC,jnolan,TYPE=Drainage Canal; edited by Parcels,TRUE, ,162.9611313,467,-157.7562021,21.28895967,17
185,30414,59996,Channel,162.9611313, , , , , , , , , , , , , ,18149, , ,City and County of Honolulu,SWQDC Other,SWQDC,jnolan,TYPE=Drainage Canal; edited by Parcels,TRUE, ,162.9611313,467,-157.7561744,21.28883212,13
186,30414,59996,Channel,162.9611313, , , , , , , , , , , , , ,18149, , ,City and County of Honolulu,SWQDC Other,SWQDC,jnolan,TYPE=Drainage Canal; edited by Parcels,TRUE, ,162.9611313,467,-157.7561593,21.28871381,13
187,30414,59996,Channel,162.9611313, , , , , , , , , , , , , ,18149, , ,City and County of Honolulu,SWQDC Other,SWQDC,jnolan,TYPE=Drainage Canal; edited by Parcels,TRUE, ,162.9611313,467,-157.7561249,21.28851716,13
188,31090,17999,Reinforced Concrete Pipe,77.91652513,18, , ,77.917, , , , , , , , , ,Pre-SWQDC, ,"Constructed, existing ROW",City and County of Honolulu,Pre-SWQDC,Pre-SWQDC,jnolan, ,TRUE, ,77.91652513,478,-157.7615218,21.2773086,
189,31090,17999,Reinforced Concrete Pipe,77.91652513,18, , ,77.917, , , , , , , , , ,Pre-SWQDC, ,"Constructed, existing ROW",City and County of Honolulu,Pre-SWQDC,Pre-SWQDC,jnolan, ,TRUE, ,77.91652513,478,-157.761481,21.27709753,
190,31140,19622,Reinforced Concrete Pipe,358.2503481,24, , ,350, , , , , , , , , ,Pre-SWQDC, ,"Constructed, existing ROW",City and County of Honolulu,Pre-SWQDC,Pre-SWQDC,jnolan, ,TRUE, ,358.2503481,480,-157.7564081,21.27541235,74
191,31140,19622,Reinforced Concrete Pipe,358.2503481,24, , ,350, , , , , , , , , ,Pre-SWQDC, ,"Constructed, existing ROW",City and County of Honolulu,Pre-SWQDC,Pre-SWQDC,jnolan, ,TRUE, ,358.2503481,480,-157.7563622,21.27521014,74
192,31140,19622,Reinforced Concrete Pipe,358.2503481,24, , ,350, , , , , , , , , ,Pre-SWQDC, ,"Constructed, existing ROW",City and County of Honolulu,Pre-SWQDC,Pre-SWQDC,jnolan, ,TRUE, ,358.2503481,480,-157.7562532,21.2747624,74
193,31140,19622,Reinforced Concrete Pipe,358.2503481,24, , ,350, , , , , , , , , ,Pre-SWQDC, ,"Constructed, existing ROW",City and County of Honolulu,Pre-SWQDC,Pre-SWQDC,jnolan, ,TRUE, ,358.2503481,480,-157.7561923,21.27452234,74
194,31140,19622,Reinforced Concrete Pipe,358.2503481,24, , ,350, , , , , , , , , ,Pre-SWQDC, ,"Constructed, existing ROW",City and County of Honolulu,Pre-SWQDC,Pre-SWQDC,jnolan, ,TRUE, ,358.2503481,480,-157.7561766,21.27445035,74
195,32230,59976,Channel,349.7160652, , , , , , , , , , , , , ,18154, , ,City and County of Honolulu,SWQDC Other,SWQDC,jnolan,TYPE=Drainage Canal; edited by Parcels,TRUE, ,349.7160652,496,-157.7542612,21.28567162,33
196,32230,59976,Channel,349.7160652, , , , , , , , , , , , , ,18154, , ,City and County of Honolulu,SWQDC Other,SWQDC,jnolan,TYPE=Drainage Canal; edited by Parcels,TRUE, ,349.7160652,496,-157.7540463,21.28523737,32
197,32230,59976,Channel,349.7160652, , , , , , , , , , , , , ,18154, , ,City and County of Honolulu,SWQDC Other,SWQDC,jnolan,TYPE=Drainage Canal; edited by Parcels,TRUE, ,349.7160652,496,-157.7539015,21.28491814,32
198,32230,59976,Channel,349.7160652, , , , , , , , , , , , , ,18154, , ,City and County of Honolulu,SWQDC Other,SWQDC,jnolan,TYPE=Drainage Canal; edited by Parcels,TRUE, ,349.7160652,496,-157.7538444,21.28479185,32
199,32362,59851,Ditch,166.688384, , , , ,84,48, , , , , , , ,18153, , ,City and County of Honolulu,SWQDC Other,SWQDC,jnolan,Edited by Parcels,TRUE, ,166.688384,501,-157.7606333,21.28172723,
200,32362,59851,Ditch,166.688384, , , , ,84,48, , , , , , , ,18153, , ,City and County of Honolulu,SWQDC Other,SWQDC,jnolan,Edited by Parcels,TRUE, ,166.688384,501,-157.760632,21.28171847,
201,32362,59851,Ditch,166.688384, , , , ,84,48, , , , , , , ,18153, , ,City and County of Honolulu,SWQDC Other,SWQDC,jnolan,Edited by Parcels,TRUE, ,166.688384,501,-157.7606235,21.28164989,
202,32362,59851,Ditch,166.688384, , , , ,84,48, , , , , , , ,18153, , ,City and County of Honolulu,SWQDC Other,SWQDC,jnolan,Edited by Parcels,TRUE, ,166.688384,501,-157.7606087,21.28153692,
205,32362,59851,Ditch,166.688384, , , , ,84,48, , , , , , , ,18153, , ,City and County of Honolulu,SWQDC Other,SWQDC,jnolan,Edited by Parcels,TRUE, ,166.688384,501,-157.7605982,21.28127029,
203,32362,59851,Ditch,166.688384, , , , ,84,48, , , , , , , ,18153, , ,City and County of Honolulu,SWQDC Other,SWQDC,jnolan,Edited by Parcels,TRUE, ,166.688384,501,-157.7605981,21.28143001,
204,32362,59851,Ditch,166.688384, , , , ,84,48, , , , , , , ,18153, , ,City and County of Honolulu,SWQDC Other,SWQDC,jnolan,Edited by Parcels,TRUE, ,166.688384,501,-157.7605961,21.28130093,
210,34774,17822,Reinforced Concrete Pipe,332.1094494,36, , ,332.112, , , , , , , , , ,Pre-SWQDC, ,"Constructed, existing ROW",City and County of Honolulu,Pre-SWQDC,Pre-SWQDC,jnolan, ,TRUE, ,332.1094494,529,-157.7514453,21.28326381,91
209,34774,17822,Reinforced Concrete Pipe,332.1094494,36, , ,332.112, , , , , , , , , ,Pre-SWQDC, ,"Constructed, existing ROW",City and County of Honolulu,Pre-SWQDC,Pre-SWQDC,jnolan, ,TRUE, ,332.1094494,529,-157.751399,21.28327095,91
208,34774,17822,Reinforced Concrete Pipe,332.1094494,36, , ,332.112, , , , , , , , , ,Pre-SWQDC, ,"Constructed, existing ROW",City and County of Honolulu,Pre-SWQDC,Pre-SWQDC,jnolan, ,TRUE, ,332.1094494,529,-157.7510553,21.28334913,91
207,34774,17822,Reinforced Concrete Pipe,332.1094494,36, , ,332.112, , , , , , , , , ,Pre-SWQDC, ,"Constructed, existing ROW",City and County of Honolulu,Pre-SWQDC,Pre-SWQDC,jnolan, ,TRUE, ,332.1094494,529,-157.7507159,21.28342508,91
206,34774,17822,Reinforced Concrete Pipe,332.1094494,36, , ,332.112, , , , , , , , , ,Pre-SWQDC, ,"Constructed, existing ROW",City and County of Honolulu,Pre-SWQDC,Pre-SWQDC,jnolan, ,TRUE, ,332.1094494,529,-157.7504966,21.28347601,91
211,35763,59942,Channel,500.7625597, , , , , , , , , , , , , ,18154, , ,City and County of Honolulu,SWQDC Other,SWQDC,jnolan,TYPE=Drainage Canal; edited by Parcels,TRUE, ,500.7625598,555,-157.7527302,21.28238331,21
212,35763,59942,Channel,500.7625597, , , , , , , , , , , , , ,18154, , ,City and County of Honolulu,SWQDC Other,SWQDC,jnolan,TYPE=Drainage Canal; edited by Parcels,TRUE, ,500.7625598,555,-157.752144,21.28111898,19
217,35765,60005,Channel,150.6947902, , , , , , , , , , , , , ,18149, , ,City and County of Honolulu,SWQDC Other,SWQDC,jnolan,TYPE=Drainage Canal; edited by Parcels,TRUE, ,150.6947902,557,-157.7564771,21.29023196,25
216,35765,60005,Channel,150.6947902, , , , , , , , , , , , , ,18149, , ,City and County of Honolulu,SWQDC Other,SWQDC,jnolan,TYPE=Drainage Canal; edited by Parcels,TRUE, ,150.6947902,557,-157.7564741,21.29033445,25
215,35765,60005,Channel,150.6947902, , , , , , , , , , , , , ,18149, , ,City and County of Honolulu,SWQDC Other,SWQDC,jnolan,TYPE=Drainage Canal; edited by Parcels,TRUE, ,150.6947902,557,-157.7564624,21.29045989,25
214,35765,60005,Channel,150.6947902, , , , , , , , , , , , , ,18149, , ,City and County of Honolulu,SWQDC Other,SWQDC,jnolan,TYPE=Drainage Canal; edited by Parcels,TRUE, ,150.6947902,557,-157.7564354,21.29059248,27
213,35765,60005,Channel,150.6947902, , , , , , , , , , , , , ,18149, , ,City and County of Honolulu,SWQDC Other,SWQDC,jnolan,TYPE=Drainage Canal; edited by Parcels,TRUE, ,150.6947902,557,-157.7564203,21.2906419,27
218,36266,17374,Reinforced Concrete Pipe,58.65421993,24, , ,58.654, , , , , , , , , ,Pre-SWQDC, ,"Constructed, existing ROW",City and County of Honolulu,Pre-SWQDC,Pre-SWQDC,jnolan, ,TRUE, ,58.65421993,567,-157.7526063,21.28892073,89
219,36266,17374,Reinforced Concrete Pipe,58.65421993,24, , ,58.654, , , , , , , , , ,Pre-SWQDC, ,"Constructed, existing ROW",City and County of Honolulu,Pre-SWQDC,Pre-SWQDC,jnolan, ,TRUE, ,58.65421993,567,-157.7524714,21.28882035,89
220,36273,13115,Reinforced Concrete Pipe,59.30156502,24, , ,59.302, , , , , , , , , ,Pre-SWQDC, , ,Private,Pre-SWQDC,Pre-SWQDC,jnolan,OWNERSHIP taken from Parcels & Easements;,TRUE, ,59.30156502,568,-157.7572814,21.29068855,27
221,36273,13115,Reinforced Concrete Pipe,59.30156502,24, , ,59.302, , , , , , , , , ,Pre-SWQDC, , ,Private,Pre-SWQDC,Pre-SWQDC,jnolan,OWNERSHIP taken from Parcels & Easements;,TRUE, ,59.30156502,568,-157.7571081,21.29067185,27
224,36662,22134,Reinforced Concrete Pipe,41.98578757,30, , ,41.986, , , , , , , , , ,Pre-SWQDC, ,"Constructed, existing ROW",City and County of Honolulu,Pre-SWQDC,Pre-SWQDC,jnolan, ,TRUE, ,41.98578757,584,-157.7506013,21.27931456,11
223,36662,22134,Reinforced Concrete Pipe,41.98578757,30, , ,41.986, , , , , , , , , ,Pre-SWQDC, ,"Constructed, existing ROW",City and County of Honolulu,Pre-SWQDC,Pre-SWQDC,jnolan, ,TRUE, ,41.98578757,584,-157.7505793,21.2793148,11
222,36662,22134,Reinforced Concrete Pipe,41.98578757,30, , ,41.986, , , , , , , , , ,Pre-SWQDC, ,"Constructed, existing ROW",City and County of Honolulu,Pre-SWQDC,Pre-SWQDC,jnolan, ,TRUE, ,41.98578757,584,-157.7504805,21.27933573,11
384,37722,60023,Channel,58.01214215, , , , , , , , , , , , , ,15551, , ,City and County of Honolulu,SWQDC Other,SWQDC,jnolan,Edited by Parcels,TRUE, ,58.01214215,596,-157.754863,21.29322479,7
383,37722,60023,Channel,58.01214215, , , , , , , , , , , , , ,15551, , ,City and County of Honolulu,SWQDC Other,SWQDC,jnolan,Edited by Parcels,TRUE, ,58.01214215,596,-157.7546946,21.29324964,7
225,38191,17372,Reinforced Concrete Pipe,135.1886044,30, , ,135.19, , , , , , , , , ,Pre-SWQDC, ,"Constructed, existing ROW",City and County of Honolulu,Pre-SWQDC,Pre-SWQDC,jnolan, ,TRUE, ,135.1886044,611,-157.7550689,21.28891346,13
226,38191,17372,Reinforced Concrete Pipe,135.1886044,30, , ,135.19, , , , , , , , , ,Pre-SWQDC, ,"Constructed, existing ROW",City and County of Honolulu,Pre-SWQDC,Pre-SWQDC,jnolan, ,TRUE, ,135.1886044,611,-157.7546931,21.28903366,13
227,38192,17375,Reinforced Concrete Pipe,192.9346015,30, , ,192.936, , , , , , , , , ,Pre-SWQDC, ,"Constructed, existing ROW",City and County of Honolulu,Pre-SWQDC,Pre-SWQDC,jnolan, ,TRUE, ,192.9346015,612,-157.7555415,21.28862043,13
228,38192,17375,Reinforced Concrete Pipe,192.9346015,30, , ,192.936, , , , , , , , , ,Pre-SWQDC, ,"Constructed, existing ROW",City and County of Honolulu,Pre-SWQDC,Pre-SWQDC,jnolan, ,TRUE, ,192.9346015,612,-157.7550689,21.28891346,13
230,39445,59826,Ditch,98.42616955, , , ,590.332,48, , , , , , , , ,Pre-SWQDC, , ,State of Hawaii,Pre-SWQDC,Pre-SWQDC,jnolan,TYPE=State DOT Concrete Ditch; OWNERSHIP taken from Streets; edited by FILENUM 18152,TRUE, ,98.42616955,633,-157.7610613,21.27663611,
229,39445,59826,Ditch,98.42616955, , , ,590.332,48, , , , , , , , ,Pre-SWQDC, , ,State of Hawaii,Pre-SWQDC,Pre-SWQDC,jnolan,TYPE=State DOT Concrete Ditch; OWNERSHIP taken from Streets; edited by FILENUM 18152,TRUE, ,98.42616955,633,-157.7607757,21.27667851,
232,39449,59964,Reinforced Concrete Pipe,12.5126732,30, , ,127.379, , , , , , , , , ,Pre-SWQDC, ,"Constructed, existing ROW",City and County of Honolulu,Pre-SWQDC,Pre-SWQDC,jnolan,Edited by FILENUM 18154,TRUE, ,12.5126732,635,-157.7492828,21.28463,84
231,39449,59964,Reinforced Concrete Pipe,12.5126732,30, , ,127.379, , , , , , , , , ,Pre-SWQDC, ,"Constructed, existing ROW",City and County of Honolulu,Pre-SWQDC,Pre-SWQDC,jnolan,Edited by FILENUM 18154,TRUE, ,12.5126732,635,-157.7492768,21.28466399,
239,39450,60019,Channel,351.1443443, , , , , , , , , , , , , ,18150, , ,City and County of Honolulu,SWQDC Other,SWQDC,jnolan,TYPE=Drainage Canal; edited by Parcels,TRUE, ,351.1443443,636,-157.7559009,21.2915983,31
238,39450,60019,Channel,351.1443443, , , , , , , , , , , , , ,18150, , ,City and County of Honolulu,SWQDC Other,SWQDC,jnolan,TYPE=Drainage Canal; edited by Parcels,TRUE, ,351.1443443,636,-157.7558331,21.29172789,31
237,39450,60019,Channel,351.1443443, , , , , , , , , , , , , ,18150, , ,City and County of Honolulu,SWQDC Other,SWQDC,jnolan,TYPE=Drainage Canal; edited by Parcels,TRUE, ,351.1443443,636,-157.755764,21.29187117,31
236,39450,60019,Channel,351.1443443, , , , , , , , , , , , , ,18150, , ,City and County of Honolulu,SWQDC Other,SWQDC,jnolan,TYPE=Drainage Canal; edited by Parcels,TRUE, ,351.1443443,636,-157.7556911,21.29203953,31
235,39450,60019,Channel,351.1443443, , , , , , , , , , , , , ,18150, , ,City and County of Honolulu,SWQDC Other,SWQDC,jnolan,TYPE=Drainage Canal; edited by Parcels,TRUE, ,351.1443443,636,-157.7556411,21.29217208,31
234,39450,60019,Channel,351.1443443, , , , , , , , , , , , , ,18150, , ,City and County of Honolulu,SWQDC Other,SWQDC,jnolan,TYPE=Drainage Canal; edited by Parcels,TRUE, ,351.1443443,636,-157.755572,21.29236555,31
233,39450,60019,Channel,351.1443443, , , , , , , , , , , , , ,18150, , ,City and County of Honolulu,SWQDC Other,SWQDC,jnolan,TYPE=Drainage Canal; edited by Parcels,TRUE, ,351.1443443,636,-157.755533,21.29249945,46
240,39988,17371,Reinforced Concrete Pipe,63.1268138,24, , ,63.127, , , , , , , , , ,Pre-SWQDC, ,"Constructed, existing ROW",City and County of Honolulu,Pre-SWQDC,Pre-SWQDC,jnolan, ,TRUE, ,63.1268138,643,-157.7527677,21.28900626,89
241,39988,17371,Reinforced Concrete Pipe,63.1268138,24, , ,63.127, , , , , , , , , ,Pre-SWQDC, ,"Constructed, existing ROW",City and County of Honolulu,Pre-SWQDC,Pre-SWQDC,jnolan, ,TRUE, ,63.1268138,643,-157.7526063,21.28892073,89
244,39992,17412,Reinforced Concrete Pipe,113.2520566,30, , ,113.256, , , , , , , , , ,Pre-SWQDC, ,"Constructed, existing ROW",City and County of Honolulu,Pre-SWQDC,Pre-SWQDC,jnolan, ,TRUE, ,113.2520566,644,-157.7498373,21.28362767,91
243,39992,17412,Reinforced Concrete Pipe,113.2520566,30, , ,113.256, , , , , , , , , ,Pre-SWQDC, ,"Constructed, existing ROW",City and County of Honolulu,Pre-SWQDC,Pre-SWQDC,jnolan, ,TRUE, ,113.2520566,644,-157.7496453,21.28367113,91
242,39992,17412,Reinforced Concrete Pipe,113.2520566,30, , ,113.256, , , , , , , , , ,Pre-SWQDC, ,"Constructed, existing ROW",City and County of Honolulu,Pre-SWQDC,Pre-SWQDC,jnolan, ,TRUE, ,113.2520566,644,-157.7495134,21.28369848,91
245,39999,13112,Reinforced Concrete Pipe,65.81276357,24, , ,65.813, , , , , , , , , ,Pre-SWQDC, , ,Private,Pre-SWQDC,Pre-SWQDC,jnolan,OWNERSHIP taken from Parcels & Easements;,TRUE, ,65.81276357,645,-157.7574742,21.29070251,27
246,39999,13112,Reinforced Concrete Pipe,65.81276357,24, , ,65.813, , , , , , , , , ,Pre-SWQDC, , ,Private,Pre-SWQDC,Pre-SWQDC,jnolan,OWNERSHIP taken from Parcels & Easements;,TRUE, ,65.81276357,645,-157.7572814,21.29068855,27
248,41244,59963,Reinforced Concrete Pipe,12.39296125,36, , ,127.379, , , , , , , , , ,Pre-SWQDC, ,"Constructed, existing ROW",City and County of Honolulu,Pre-SWQDC,Pre-SWQDC,jnolan,Edited by FILENUM 18154,TRUE, ,12.39296125,661,-157.7492768,21.28466399,
247,41244,59963,Reinforced Concrete Pipe,12.39296125,36, , ,127.379, , , , , , , , , ,Pre-SWQDC, ,"Constructed, existing ROW",City and County of Honolulu,Pre-SWQDC,Pre-SWQDC,jnolan,Edited by FILENUM 18154,TRUE, ,12.39296125,661,-157.7492709,21.28469765,
385,41246,60048,Channel,18.25984961, , , , , , , , , , , , , ,18151, , ,City and County of Honolulu,SWQDC Other,SWQDC,jnolan,TYPE=Drainage Canal; edited by Parcels,TRUE, ,18.25984961,663,-157.7560959,21.29931662,
386,41246,60048,Channel,18.25984961, , , , , , , , , , , , , ,18151, , ,City and County of Honolulu,SWQDC Other,SWQDC,jnolan,TYPE=Drainage Canal; edited by Parcels,TRUE, ,18.25984961,663,-157.7560942,21.29926638,
250,41458,16998,Reinforced Concrete Pipe,46.01637237,18, , ,46.017, , , , , , , , , ,Pre-SWQDC, ,"Constructed, existing ROW",City and County of Honolulu,Pre-SWQDC,Pre-SWQDC,jnolan, ,TRUE, ,46.01637237,664,-157.7564204,21.28733545,59
249,41458,16998,Reinforced Concrete Pipe,46.01637237,18, , ,46.017, , , , , , , , , ,Pre-SWQDC, ,"Constructed, existing ROW",City and County of Honolulu,Pre-SWQDC,Pre-SWQDC,jnolan, ,TRUE, ,46.01637237,664,-157.7563131,21.28741244,59
251,41870,17362,Reinforced Concrete Pipe,142.7242771,24, , ,142.726, , , , , , , , , ,Pre-SWQDC, ,"Constructed, existing ROW",City and County of Honolulu,Pre-SWQDC,Pre-SWQDC,jnolan, ,TRUE, ,142.724277,681,-157.7546931,21.28903366,13
252,41870,17362,Reinforced Concrete Pipe,142.7242771,24, , ,142.726, , , , , , , , , ,Pre-SWQDC, ,"Constructed, existing ROW",City and County of Honolulu,Pre-SWQDC,Pre-SWQDC,jnolan, ,TRUE, ,142.724277,681,-157.754281,21.28910592,89
253,41871,17363,Reinforced Concrete Pipe,59.22112324,24, , ,59.221, , , , , , , , , ,Pre-SWQDC, ,"Constructed, existing ROW",City and County of Honolulu,Pre-SWQDC,Pre-SWQDC,jnolan, ,TRUE, ,59.22112324,682,-157.7529391,21.28903398,89
254,41871,17363,Reinforced Concrete Pipe,59.22112324,24, , ,59.221, , , , , , , , , ,Pre-SWQDC, ,"Constructed, existing ROW",City and County of Honolulu,Pre-SWQDC,Pre-SWQDC,jnolan, ,TRUE, ,59.22112324,682,-157.7527677,21.28900626,89
258,42019,22133,Reinforced Concrete Pipe,236.7316417,30, , ,236.735, , , , , , , , , ,Pre-SWQDC, ,"Constructed, existing ROW",City and County of Honolulu,Pre-SWQDC,Pre-SWQDC,jnolan, ,TRUE, ,236.7316417,686,-157.7504805,21.27933573,11
257,42019,22133,Reinforced Concrete Pipe,236.7316417,30, , ,236.735, , , , , , , , , ,Pre-SWQDC, ,"Constructed, existing ROW",City and County of Honolulu,Pre-SWQDC,Pre-SWQDC,jnolan, ,TRUE, ,236.7316417,686,-157.7503416,21.27936538,11
256,42019,22133,Reinforced Concrete Pipe,236.7316417,30, , ,236.735, , , , , , , , , ,Pre-SWQDC, ,"Constructed, existing ROW",City and County of Honolulu,Pre-SWQDC,Pre-SWQDC,jnolan, ,TRUE, ,236.7316417,686,-157.7500232,21.27943998,11
255,42019,22133,Reinforced Concrete Pipe,236.7316417,30, , ,236.735, , , , , , , , , ,Pre-SWQDC, ,"Constructed, existing ROW",City and County of Honolulu,Pre-SWQDC,Pre-SWQDC,jnolan, ,TRUE, ,236.7316417,686,-157.7498058,21.27949308,11
261,43020,59845,Ditch,267.618847, , , , ,84,48, , , , , , , ,18152, , ,City and County of Honolulu,SWQDC Other,SWQDC,jnolan,Edited by Parcels,TRUE, ,267.618847,698,-157.7606189,21.28053657,
260,43020,59845,Ditch,267.618847, , , , ,84,48, , , , , , , ,18152, , ,City and County of Honolulu,SWQDC Other,SWQDC,jnolan,Edited by Parcels,TRUE, ,267.618847,698,-157.7606188,21.28058497,
259,43020,59845,Ditch,267.618847, , , , ,84,48, , , , , , , ,18152, , ,City and County of Honolulu,SWQDC Other,SWQDC,jnolan,Edited by Parcels,TRUE, ,267.618847,698,-157.7606185,21.28079472,
262,43020,59845,Ditch,267.618847, , , , ,84,48, , , , , , , ,18152, , ,City and County of Honolulu,SWQDC Other,SWQDC,jnolan,Edited by Parcels,TRUE, ,267.618847,698,-157.7606146,21.28049017,
263,43020,59845,Ditch,267.618847, , , , ,84,48, , , , , , , ,18152, , ,City and County of Honolulu,SWQDC Other,SWQDC,jnolan,Edited by Parcels,TRUE, ,267.618847,698,-157.7606104,21.28044983,
264,43020,59845,Ditch,267.618847, , , , ,84,48, , , , , , , ,18152, , ,City and County of Honolulu,SWQDC Other,SWQDC,jnolan,Edited by Parcels,TRUE, ,267.618847,698,-157.7605486,21.28006653,
265,43020,59845,Ditch,267.618847, , , , ,84,48, , , , , , , ,18152, , ,City and County of Honolulu,SWQDC Other,SWQDC,jnolan,Edited by Parcels,TRUE, ,267.618847,698,-157.7605479,21.28006278,
396,43021,60035,Channel,486.2115533, , , , , , , , , , , , , ,18153, , ,City and County of Honolulu,SWQDC Other,SWQDC,jnolan,TYPE=Drainage Canal; edited by Parcels,TRUE, ,486.2115533,699,-157.7552969,21.29328591,10
387,43021,60035,Channel,486.2115533, , , , , , , , , , , , , ,18153, , ,City and County of Honolulu,SWQDC Other,SWQDC,jnolan,TYPE=Drainage Canal; edited by Parcels,TRUE, ,486.2115533,699,-157.755258,21.29460874,14
395,43021,60035,Channel,486.2115533, , , , , , , , , , , , , ,18153, , ,City and County of Honolulu,SWQDC Other,SWQDC,jnolan,TYPE=Drainage Canal; edited by Parcels,TRUE, ,486.2115533,699,-157.755245,21.29345834,10
394,43021,60035,Channel,486.2115533, , , , , , , , , , , , , ,18153, , ,City and County of Honolulu,SWQDC Other,SWQDC,jnolan,TYPE=Drainage Canal; edited by Parcels,TRUE, ,486.2115533,699,-157.7552258,21.29352642,10
393,43021,60035,Channel,486.2115533, , , , , , , , , , , , , ,18153, , ,City and County of Honolulu,SWQDC Other,SWQDC,jnolan,TYPE=Drainage Canal; edited by Parcels,TRUE, ,486.2115533,699,-157.7552103,21.29363751,10
388,43021,60035,Channel,486.2115533, , , , , , , , , , , , , ,18153, , ,City and County of Honolulu,SWQDC Other,SWQDC,jnolan,TYPE=Drainage Canal; edited by Parcels,TRUE, ,486.2115533,699,-157.7552093,21.29425046,10
389,43021,60035,Channel,486.2115533, , , , , , , , , , , , , ,18153, , ,City and County of Honolulu,SWQDC Other,SWQDC,jnolan,TYPE=Drainage Canal; edited by Parcels,TRUE, ,486.2115533,699,-157.7551942,21.29412498,10
392,43021,60035,Channel,486.2115533, , , , , , , , , , , , , ,18153, , ,City and County of Honolulu,SWQDC Other,SWQDC,jnolan,TYPE=Drainage Canal; edited by Parcels,TRUE, ,486.2115533,699,-157.755191,21.29376652,10
391,43021,60035,Channel,486.2115533, , , , , , , , , , , , , ,18153, , ,City and County of Honolulu,SWQDC Other,SWQDC,jnolan,TYPE=Drainage Canal; edited by Parcels,TRUE, ,486.2115533,699,-157.7551831,21.29389914,10
390,43021,60035,Channel,486.2115533, , , , , , , , , , , , , ,18153, , ,City and County of Honolulu,SWQDC Other,SWQDC,jnolan,TYPE=Drainage Canal; edited by Parcels,TRUE, ,486.2115533,699,-157.7551829,21.29401026,10
397,43022,60039,Channel,421.7481643, , , , , , , , , , , , , ,18153, , ,City and County of Honolulu,SWQDC Other,SWQDC,jnolan,TYPE=Drainage Canal; edited by Parcels,TRUE, ,421.7481643,700,-157.7555366,21.29660339,88
398,43022,60039,Channel,421.7481643, , , , , , , , , , , , , ,18153, , ,City and County of Honolulu,SWQDC Other,SWQDC,jnolan,TYPE=Drainage Canal; edited by Parcels,TRUE, ,421.7481643,700,-157.7555192,21.29653422,4
399,43022,60039,Channel,421.7481643, , , , , , , , , , , , , ,18153, , ,City and County of Honolulu,SWQDC Other,SWQDC,jnolan,TYPE=Drainage Canal; edited by Parcels,TRUE, ,421.7481643,700,-157.7555078,21.29644818,97
400,43022,60039,Channel,421.7481643, , , , , , , , , , , , , ,18153, , ,City and County of Honolulu,SWQDC Other,SWQDC,jnolan,TYPE=Drainage Canal; edited by Parcels,TRUE, ,421.7481643,700,-157.7553727,21.29545296,18
266,43586,13152,Reinforced Concrete Pipe,69.22470463,18, , ,67.273, , , , , , , , , ,Pre-SWQDC, ,"Constructed, existing ROW",City and County of Honolulu,Pre-SWQDC,Pre-SWQDC,jnolan, ,TRUE, ,69.22470463,710,-157.7566695,21.28435141,62
267,43586,13152,Reinforced Concrete Pipe,69.22470463,18, , ,67.273, , , , , , , , , ,Pre-SWQDC, ,"Constructed, existing ROW",City and County of Honolulu,Pre-SWQDC,Pre-SWQDC,jnolan, ,TRUE, ,69.22470463,710,-157.7565833,21.28430335,62
268,43586,13152,Reinforced Concrete Pipe,69.22470463,18, , ,67.273, , , , , , , , , ,Pre-SWQDC, ,"Constructed, existing ROW",City and County of Honolulu,Pre-SWQDC,Pre-SWQDC,jnolan, ,TRUE, ,69.22470463,710,-157.756518,21.28426441,62
269,43586,13152,Reinforced Concrete Pipe,69.22470463,18, , ,67.273, , , , , , , , , ,Pre-SWQDC, ,"Constructed, existing ROW",City and County of Honolulu,Pre-SWQDC,Pre-SWQDC,jnolan, ,TRUE, ,69.22470463,710,-157.7564945,21.28425476,62
270,43735,15809,Reinforced Concrete Pipe,211.3872923,18, , ,211.387, , , , , , , , , ,Pre-SWQDC, ,"Constructed, existing ROW",City and County of Honolulu,Pre-SWQDC,Pre-SWQDC,jnolan, ,TRUE, ,211.3872923,713,-157.7571977,21.2846573,62
271,43735,15809,Reinforced Concrete Pipe,211.3872923,18, , ,211.387, , , , , , , , , ,Pre-SWQDC, ,"Constructed, existing ROW",City and County of Honolulu,Pre-SWQDC,Pre-SWQDC,jnolan, ,TRUE, ,211.3872923,713,-157.7566695,21.28435141,62
273,44701,60003,Channel,263.3431247, , , , , , , , , , , , , ,18149, , ,City and County of Honolulu,SWQDC Other,SWQDC,jnolan,TYPE=Drainage Canal; edited by Parcels,TRUE, ,263.3431247,725,-157.7564782,21.29019466,25
272,44701,60003,Channel,263.3431247, , , , , , , , , , , , , ,18149, , ,City and County of Honolulu,SWQDC Other,SWQDC,jnolan,TYPE=Drainage Canal; edited by Parcels,TRUE, ,263.3431247,725,-157.7564771,21.29023196,25
274,44701,60003,Channel,263.3431247, , , , , , , , , , , , , ,18149, , ,City and County of Honolulu,SWQDC Other,SWQDC,jnolan,TYPE=Drainage Canal; edited by Parcels,TRUE, ,263.3431247,725,-157.7564708,21.29004052,22
275,44701,60003,Channel,263.3431247, , , , , , , , , , , , , ,18149, , ,City and County of Honolulu,SWQDC Other,SWQDC,jnolan,TYPE=Drainage Canal; edited by Parcels,TRUE, ,263.3431247,725,-157.756448,21.28991144,22
276,44701,60003,Channel,263.3431247, , , , , , , , , , , , , ,18149, , ,City and County of Honolulu,SWQDC Other,SWQDC,jnolan,TYPE=Drainage Canal; edited by Parcels,TRUE, ,263.3431247,725,-157.7564214,21.28980387,22
277,44701,60003,Channel,263.3431247, , , , , , , , , , , , , ,18149, , ,City and County of Honolulu,SWQDC Other,SWQDC,jnolan,TYPE=Drainage Canal; edited by Parcels,TRUE, ,263.3431247,725,-157.7563758,21.28965684,22
278,44701,60003,Channel,263.3431247, , , , , , , , , , , , , ,18149, , ,City and County of Honolulu,SWQDC Other,SWQDC,jnolan,TYPE=Drainage Canal; edited by Parcels,TRUE, ,263.3431247,725,-157.7563384,21.28952237,22
280,45147,18950,Reinforced Concrete Pipe,22.42271012,30, , ,22.423, , , , , , , , , ,Pre-SWQDC, ,"Constructed, existing ROW",City and County of Honolulu,Pre-SWQDC,Pre-SWQDC,jnolan, ,TRUE, ,22.42271012,733,-157.7495134,21.28369848,91
279,45147,18950,Reinforced Concrete Pipe,22.42271012,30, , ,22.423, , , , , , , , , ,Pre-SWQDC, ,"Constructed, existing ROW",City and County of Honolulu,Pre-SWQDC,Pre-SWQDC,jnolan, ,TRUE, ,22.42271012,733,-157.7494561,21.28372887,91
281,45453,19613,Reinforced Concrete Pipe,348.1945348,18, , ,340, , , , , , , , , ,Pre-SWQDC, ,"Constructed, existing ROW",City and County of Honolulu,Pre-SWQDC,Pre-SWQDC,jnolan, ,TRUE, ,348.1945348,742,-157.7566295,21.27634805,74
282,45453,19613,Reinforced Concrete Pipe,348.1945348,18, , ,340, , , , , , , , , ,Pre-SWQDC, ,"Constructed, existing ROW",City and County of Honolulu,Pre-SWQDC,Pre-SWQDC,jnolan, ,TRUE, ,348.1945348,742,-157.7566094,21.27625021,74
283,45453,19613,Reinforced Concrete Pipe,348.1945348,18, , ,340, , , , , , , , , ,Pre-SWQDC, ,"Constructed, existing ROW",City and County of Honolulu,Pre-SWQDC,Pre-SWQDC,jnolan, ,TRUE, ,348.1945348,742,-157.7565343,21.27592438,74
284,45453,19613,Reinforced Concrete Pipe,348.1945348,18, , ,340, , , , , , , , , ,Pre-SWQDC, ,"Constructed, existing ROW",City and County of Honolulu,Pre-SWQDC,Pre-SWQDC,jnolan, ,TRUE, ,348.1945348,742,-157.756453,21.27561073,74
285,45453,19613,Reinforced Concrete Pipe,348.1945348,18, , ,340, , , , , , , , , ,Pre-SWQDC, ,"Constructed, existing ROW",City and County of Honolulu,Pre-SWQDC,Pre-SWQDC,jnolan, ,TRUE, ,348.1945348,742,-157.7564081,21.27541235,74
401,46474,60047,Channel,186.3503048, , , , , , , , , , , , , ,18151, , ,City and County of Honolulu,SWQDC Other,SWQDC,jnolan,TYPE=Drainage Canal; edited by Parcels,TRUE, ,186.3503048,754,-157.7560744,21.2986858,
402,46474,60047,Channel,186.3503048, , , , , , , , , , , , , ,18151, , ,City and County of Honolulu,SWQDC Other,SWQDC,jnolan,TYPE=Drainage Canal; edited by Parcels,TRUE, ,186.3503048,754,-157.7560741,21.29867496,
403,46474,60047,Channel,186.3503048, , , , , , , , , , , , , ,18151, , ,City and County of Honolulu,SWQDC Other,SWQDC,jnolan,TYPE=Drainage Canal; edited by Parcels,TRUE, ,186.3503048,754,-157.7560627,21.29857458,
404,46474,60047,Channel,186.3503048, , , , , , , , , , , , , ,18151, , ,City and County of Honolulu,SWQDC Other,SWQDC,jnolan,TYPE=Drainage Canal; edited by Parcels,TRUE, ,186.3503048,754,-157.7560438,21.2984706,
405,46474,60047,Channel,186.3503048, , , , , , , , , , , , , ,18151, , ,City and County of Honolulu,SWQDC Other,SWQDC,jnolan,TYPE=Drainage Canal; edited by Parcels,TRUE, ,186.3503048,754,-157.7560211,21.29834511,16
406,46474,60047,Channel,186.3503048, , , , , , , , , , , , , ,18151, , ,City and County of Honolulu,SWQDC Other,SWQDC,jnolan,TYPE=Drainage Canal; edited by Parcels,TRUE, ,186.3503048,754,-157.7559755,21.29818216,16
287,47128,16789,Reinforced Concrete Pipe,80.81768529,18, , ,80.818, , , , , , , , , ,Pre-SWQDC, ,"Constructed, existing ROW",City and County of Honolulu,Pre-SWQDC,Pre-SWQDC,jnolan, ,TRUE, ,80.81768529,769,-157.7574126,21.28456287,62
286,47128,16789,Reinforced Concrete Pipe,80.81768529,18, , ,80.818, , , , , , , , , ,Pre-SWQDC, ,"Constructed, existing ROW",City and County of Honolulu,Pre-SWQDC,Pre-SWQDC,jnolan, ,TRUE, ,80.81768529,769,-157.7571977,21.2846573,62
288,47160,17170,Reinforced Concrete Pipe,141.5750563,30, , ,141.576, , , , , , , , , ,Pre-SWQDC, ,"Constructed, existing ROW",City and County of Honolulu,Pre-SWQDC,Pre-SWQDC,jnolan, ,TRUE, ,141.5750563,772,-157.7560704,21.28852737,13
289,47160,17170,Reinforced Concrete Pipe,141.5750563,30, , ,141.576, , , , , , , , , ,Pre-SWQDC, ,"Constructed, existing ROW",City and County of Honolulu,Pre-SWQDC,Pre-SWQDC,jnolan, ,TRUE, ,141.5750563,772,-157.7556609,21.28859523,13
290,48297,59968,Channel,12.7949901, , , , , , , , , , , , , ,18154, , ,City and County of Honolulu,SWQDC Other,SWQDC,jnolan,TYPE=Drainage Canal; edited by Parcels,TRUE, ,12.7949901,787,-157.7534565,21.28395272,28
291,48297,59968,Channel,12.7949901, , , , , , , , , , , , , ,18154, , ,City and County of Honolulu,SWQDC Other,SWQDC,jnolan,TYPE=Drainage Canal; edited by Parcels,TRUE, ,12.7949901,787,-157.7534416,21.28392041,28
292,48420,65241,Channel,121.4872425, , , , , , , , , , , , , ,18153, , ,City and County of Honolulu,SWQDC Other,SWQDC,jnolan,TYPE=Drainage Canal; edited by State DOT and Parcels,TRUE, ,121.4872425,789,-157.7510861,21.278836,6
293,48420,65241,Channel,121.4872425, , , , , , , , , , , , , ,18153, , ,City and County of Honolulu,SWQDC Other,SWQDC,jnolan,TYPE=Drainage Canal; edited by State DOT and Parcels,TRUE, ,121.4872425,789,-157.7509441,21.27852915,93
294,49142,20316,Reinforced Concrete Pipe,170.1082923,30, , ,160.423, , , , , , , , , ,Pre-SWQDC, , ,State of Hawaii,Pre-SWQDC,Pre-SWQDC,jnolan,OWNERSHIP taken from Streets; edited by FILENUM 18152,TRUE, ,170.1082923,801,-157.7610613,21.27663611,
295,49142,20316,Reinforced Concrete Pipe,170.1082923,30, , ,160.423, , , , , , , , , ,Pre-SWQDC, , ,State of Hawaii,Pre-SWQDC,Pre-SWQDC,jnolan,OWNERSHIP taken from Streets; edited by FILENUM 18152,TRUE, ,170.1082923,801,-157.7610491,21.27661032,
297,49142,20316,Reinforced Concrete Pipe,170.1082923,30, , ,160.423, , , , , , , , , ,Pre-SWQDC, , ,State of Hawaii,Pre-SWQDC,Pre-SWQDC,jnolan,OWNERSHIP taken from Streets; edited by FILENUM 18152,TRUE, ,170.1082923,801,-157.7609885,21.27618062,
296,49142,20316,Reinforced Concrete Pipe,170.1082923,30, , ,160.423, , , , , , , , , ,Pre-SWQDC, , ,State of Hawaii,Pre-SWQDC,Pre-SWQDC,jnolan,OWNERSHIP taken from Streets; edited by FILENUM 18152,TRUE, ,170.1082923,801,-157.7609852,21.27621493,
298,50084,59829,Ditch,225.444992, , , ,590.332,72,36, , , , , , , ,Pre-SWQDC, ,"Constructed, existing ROW",City and County of Honolulu,Pre-SWQDC,Pre-SWQDC,jnolan,Edited by FILENUM 18152,TRUE, ,225.4449919,811,-157.7608898,21.27728986,
299,50084,59829,Ditch,225.444992, , , ,590.332,72,36, , , , , , , ,Pre-SWQDC, ,"Constructed, existing ROW",City and County of Honolulu,Pre-SWQDC,Pre-SWQDC,jnolan,Edited by FILENUM 18152,TRUE, ,225.4449919,811,-157.7607757,21.27667851,
300,50086,59932,Channel,137.6457955, , , , , , , , , , , , , ,18153, , ,City and County of Honolulu,SWQDC Other,SWQDC,jnolan,TYPE=Drainage Canal; edited by State DOT and Parcels,TRUE, ,137.6457955,812,-157.7509441,21.27852915,93
301,50086,59932,Channel,137.6457955, , , , , , , , , , , , , ,18153, , ,City and County of Honolulu,SWQDC Other,SWQDC,jnolan,TYPE=Drainage Canal; edited by State DOT and Parcels,TRUE, ,137.6457955,812,-157.7509063,21.27844732,93
302,50086,59932,Channel,137.6457955, , , , , , , , , , , , , ,18153, , ,City and County of Honolulu,SWQDC Other,SWQDC,jnolan,TYPE=Drainage Canal; edited by State DOT and Parcels,TRUE, ,137.6457955,812,-157.7507711,21.27818677,93
305,51796,59855,Ditch,117.6804928, , , , ,84,48, , , , , , , ,18153, , ,City and County of Honolulu,SWQDC Other,SWQDC,jnolan,Edited by Parcels,TRUE, ,117.6804928,838,-157.7606447,21.2818516,
306,51796,59855,Ditch,117.6804928, , , , ,84,48, , , , , , , ,18153, , ,City and County of Honolulu,SWQDC Other,SWQDC,jnolan,Edited by Parcels,TRUE, ,117.6804928,838,-157.7606427,21.28178908,
304,51796,59855,Ditch,117.6804928, , , , ,84,48, , , , , , , ,18153, , ,City and County of Honolulu,SWQDC Other,SWQDC,jnolan,Edited by Parcels,TRUE, ,117.6804928,838,-157.7606382,21.28191008,
307,51796,59855,Ditch,117.6804928, , , , ,84,48, , , , , , , ,18153, , ,City and County of Honolulu,SWQDC Other,SWQDC,jnolan,Edited by Parcels,TRUE, ,117.6804928,838,-157.7606333,21.28172723,
303,51796,59855,Ditch,117.6804928, , , , ,84,48, , , , , , , ,18153, , ,City and County of Honolulu,SWQDC Other,SWQDC,jnolan,Edited by Parcels,TRUE, ,117.6804928,838,-157.7606115,21.28204797,
308,51797,59980,Channel,54.67721221, , , , , , , , , , , , , ,18154, , ,City and County of Honolulu,SWQDC Other,SWQDC,jnolan,TYPE=Drainage Canal; edited by Parcels,TRUE, ,54.67721221,839,-157.7548827,21.28657465,35
309,51797,59980,Channel,54.67721221, , , , , , , , , , , , , ,18154, , ,City and County of Honolulu,SWQDC Other,SWQDC,jnolan,TYPE=Drainage Canal; edited by Parcels,TRUE, ,54.67721221,839,-157.7547977,21.2864787,35
310,51797,59980,Channel,54.67721221, , , , , , , , , , , , , ,18154, , ,City and County of Honolulu,SWQDC Other,SWQDC,jnolan,TYPE=Drainage Canal; edited by Parcels,TRUE, ,54.67721221,839,-157.7547798,21.2864591,35
311,51798,59999,Channel,186.0352719, , , , , , , , , , , , , ,18149, , ,City and County of Honolulu,SWQDC Other,SWQDC,jnolan,TYPE=Drainage Canal; edited by Parcels,TRUE, ,186.0352719,840,-157.7563209,21.28945938,17
312,51798,59999,Channel,186.0352719, , , , , , , , , , , , , ,18149, , ,City and County of Honolulu,SWQDC Other,SWQDC,jnolan,TYPE=Drainage Canal; edited by Parcels,TRUE, ,186.0352719,840,-157.7562731,21.28928749,17
313,51798,59999,Channel,186.0352719, , , , , , , , , , , , , ,18149, , ,City and County of Honolulu,SWQDC Other,SWQDC,jnolan,TYPE=Drainage Canal; edited by Parcels,TRUE, ,186.0352719,840,-157.756239,21.28913331,17
314,51798,59999,Channel,186.0352719, , , , , , , , , , , , , ,18149, , ,City and County of Honolulu,SWQDC Other,SWQDC,jnolan,TYPE=Drainage Canal; edited by Parcels,TRUE, ,186.0352719,840,-157.7562048,21.28897196,17
315,51798,59999,Channel,186.0352719, , , , , , , , , , , , , ,18149, , ,City and County of Honolulu,SWQDC Other,SWQDC,jnolan,TYPE=Drainage Canal; edited by Parcels,TRUE, ,186.0352719,840,-157.7562021,21.28895967,17
316,52451,13110,Reinforced Concrete Pipe,90.78165057,24, , ,90.782, , , , , , , , , ,Pre-SWQDC, ,"Constructed, existing ROW",City and County of Honolulu,Pre-SWQDC,Pre-SWQDC,jnolan, ,TRUE, ,90.78165057,854,-157.7569718,21.29077082,27
317,52451,13110,Reinforced Concrete Pipe,90.78165057,24, , ,90.782, , , , , , , , , ,Pre-SWQDC, ,"Constructed, existing ROW",City and County of Honolulu,Pre-SWQDC,Pre-SWQDC,jnolan, ,TRUE, ,90.78165057,854,-157.7567123,21.29071327,27
318,52539,18237,Reinforced Concrete Pipe,123.7638028,18, , ,110, , , , , , , , , ,Pre-SWQDC, ,"Constructed, existing ROW",City and County of Honolulu,Pre-SWQDC,Pre-SWQDC,jnolan, ,TRUE, ,123.7638028,860,-157.7567064,21.27668103,74
319,52539,18237,Reinforced Concrete Pipe,123.7638028,18, , ,110, , , , , , , , , ,Pre-SWQDC, ,"Constructed, existing ROW",City and County of Honolulu,Pre-SWQDC,Pre-SWQDC,jnolan, ,TRUE, ,123.7638028,860,-157.7566732,21.27653871,74
320,52539,18237,Reinforced Concrete Pipe,123.7638028,18, , ,110, , , , , , , , , ,Pre-SWQDC, ,"Constructed, existing ROW",City and County of Honolulu,Pre-SWQDC,Pre-SWQDC,jnolan, ,TRUE, ,123.7638028,860,-157.7566477,21.27643378,74
321,52539,18237,Reinforced Concrete Pipe,123.7638028,18, , ,110, , , , , , , , , ,Pre-SWQDC, ,"Constructed, existing ROW",City and County of Honolulu,Pre-SWQDC,Pre-SWQDC,jnolan, ,TRUE, ,123.7638028,860,-157.7566295,21.27634805,74
322,53714,59854,Ditch,110.0261616, , , , ,84,48, , , , , , , ,18153, , ,City and County of Honolulu,SWQDC Other,SWQDC,jnolan,Edited by Parcels,TRUE, ,110.0261616,873,-157.7606159,21.28234771,
327,53714,59854,Ditch,110.0261616, , , , ,84,48, , , , , , , ,18153, , ,City and County of Honolulu,SWQDC Other,SWQDC,jnolan,Edited by Parcels,TRUE, ,110.0261616,873,-157.7606115,21.28204797,
326,53714,59854,Ditch,110.0261616, , , , ,84,48, , , , , , , ,18153, , ,City and County of Honolulu,SWQDC Other,SWQDC,jnolan,Edited by Parcels,TRUE, ,110.0261616,873,-157.7605991,21.28211171,
323,53714,59854,Ditch,110.0261616, , , , ,84,48, , , , , , , ,18153, , ,City and County of Honolulu,SWQDC Other,SWQDC,jnolan,Edited by Parcels,TRUE, ,110.0261616,873,-157.7605989,21.28226298,
325,53714,59854,Ditch,110.0261616, , , , ,84,48, , , , , , , ,18153, , ,City and County of Honolulu,SWQDC Other,SWQDC,jnolan,Edited by Parcels,TRUE, ,110.0261616,873,-157.7605948,21.28214196,
324,53714,59854,Ditch,110.0261616, , , , ,84,48, , , , , , , ,18153, , ,City and County of Honolulu,SWQDC Other,SWQDC,jnolan,Edited by Parcels,TRUE, ,110.0261616,873,-157.7605925,21.28220246,
328,53717,59984,Channel,245.2054354, , , , , , , , , , , , , ,18154, , ,City and County of Honolulu,SWQDC Other,SWQDC,jnolan,TYPE=Drainage Canal; edited by Parcels,TRUE, ,245.2054354,876,-157.755372,21.28706999,36
329,53717,59984,Channel,245.2054354, , , , , , , , , , , , , ,18154, , ,City and County of Honolulu,SWQDC Other,SWQDC,jnolan,TYPE=Drainage Canal; edited by Parcels,TRUE, ,245.2054354,876,-157.7549847,21.2866797,35
330,53717,59984,Channel,245.2054354, , , , , , , , , , , , , ,18154, , ,City and County of Honolulu,SWQDC Other,SWQDC,jnolan,TYPE=Drainage Canal; edited by Parcels,TRUE, ,245.2054354,876,-157.7548931,21.28658637,35
331,53717,59984,Channel,245.2054354, , , , , , , , , , , , , ,18154, , ,City and County of Honolulu,SWQDC Other,SWQDC,jnolan,TYPE=Drainage Canal; edited by Parcels,TRUE, ,245.2054354,876,-157.7548827,21.28657465,35
332,53719,59994,Channel,185.9730336, , , , , , , , , , , , , ,18149, , ,City and County of Honolulu,SWQDC Other,SWQDC,jnolan,TYPE=Drainage Canal; edited by Parcels,TRUE, ,185.9730336,878,-157.7561249,21.28851716,13
333,53719,59994,Channel,185.9730336, , , , , , , , , , , , , ,18149, , ,City and County of Honolulu,SWQDC Other,SWQDC,jnolan,TYPE=Drainage Canal; edited by Parcels,TRUE, ,185.9730336,878,-157.7560363,21.28801196,8
334,54051,19123,Reinforced Concrete Pipe,27.08487635,18, , ,27.085, , , , , , , , , ,Pre-SWQDC, ,"Constructed, existing ROW",City and County of Honolulu,Pre-SWQDC,Pre-SWQDC,jnolan, ,TRUE, ,27.08487635,889,-157.7564945,21.28425476,62
335,54051,19123,Reinforced Concrete Pipe,27.08487635,18, , ,27.085, , , , , , , , , ,Pre-SWQDC, ,"Constructed, existing ROW",City and County of Honolulu,Pre-SWQDC,Pre-SWQDC,jnolan, ,TRUE, ,27.08487635,889,-157.7564178,21.28427433,62
337,54085,16233,Reinforced Concrete Pipe,84.42413684,18, , ,84.425, , , , , , , , , ,Pre-SWQDC, ,"Constructed, existing ROW",City and County of Honolulu,Pre-SWQDC,Pre-SWQDC,jnolan, ,TRUE, ,84.42413684,893,-157.7575632,21.28677353,59
336,54085,16233,Reinforced Concrete Pipe,84.42413684,18, , ,84.425, , , , , , , , , ,Pre-SWQDC, ,"Constructed, existing ROW",City and County of Honolulu,Pre-SWQDC,Pre-SWQDC,jnolan, ,TRUE, ,84.42413684,893,-157.757334,21.28686212,59
338,54201,13155,Reinforced Concrete Pipe,275.6504892,30, , ,240.639, , , , , , , , , ,Pre-SWQDC, ,"Constructed, existing ROW",City and County of Honolulu,Pre-SWQDC,Pre-SWQDC,jnolan,Edited by FILENUM 18154,TRUE, ,275.6504892,899,-157.7545192,21.28410106,30
339,54201,13155,Reinforced Concrete Pipe,275.6504892,30, , ,240.639, , , , , , , , , ,Pre-SWQDC, ,"Constructed, existing ROW",City and County of Honolulu,Pre-SWQDC,Pre-SWQDC,jnolan,Edited by FILENUM 18154,TRUE, ,275.6504892,899,-157.7537717,21.28439261,30
340,54364,20240,Reinforced Concrete Pipe,107.1778918,30, , ,107.178, , , , , , , , , ,Pre-SWQDC, ,"Constructed, existing ROW",City and County of Honolulu,Pre-SWQDC,Pre-SWQDC,jnolan, ,TRUE, ,107.1778918,906,-157.7501698,21.28025641,11
341,54364,20240,Reinforced Concrete Pipe,107.1778918,30, , ,107.178, , , , , , , , , ,Pre-SWQDC, ,"Constructed, existing ROW",City and County of Honolulu,Pre-SWQDC,Pre-SWQDC,jnolan, ,TRUE, ,107.1778918,906,-157.7500962,21.28011511,11
342,54364,20240,Reinforced Concrete Pipe,107.1778918,30, , ,107.178, , , , , , , , , ,Pre-SWQDC, ,"Constructed, existing ROW",City and County of Honolulu,Pre-SWQDC,Pre-SWQDC,jnolan, ,TRUE, ,107.1778918,906,-157.7500651,21.28004497,11
343,54364,20240,Reinforced Concrete Pipe,107.1778918,30, , ,107.178, , , , , , , , , ,Pre-SWQDC, ,"Constructed, existing ROW",City and County of Honolulu,Pre-SWQDC,Pre-SWQDC,jnolan, ,TRUE, ,107.1778918,906,-157.7500395,21.27998794,11
344,55354,59970,Channel,188.2735462, , , , , , , , , , , , , ,18154, , ,City and County of Honolulu,SWQDC Other,SWQDC,jnolan,TYPE=Drainage Canal; edited by Parcels,TRUE, ,188.2735462,913,-157.7536766,21.28442822,30
345,55354,59970,Channel,188.2735462, , , , , , , , , , , , , ,18154, , ,City and County of Honolulu,SWQDC Other,SWQDC,jnolan,TYPE=Drainage Canal; edited by Parcels,TRUE, ,188.2735462,913,-157.7534565,21.28395272,28
346,55356,60001,Channel,23.64149285, , , , , , , , , , , , , ,18149, , ,City and County of Honolulu,SWQDC Other,SWQDC,jnolan,TYPE=Drainage Canal; edited by Parcels,TRUE, ,23.64149285,915,-157.7563384,21.28952237,22
347,55356,60001,Channel,23.64149285, , , , , , , , , , , , , ,18149, , ,City and County of Honolulu,SWQDC Other,SWQDC,jnolan,TYPE=Drainage Canal; edited by Parcels,TRUE, ,23.64149285,915,-157.7563209,21.28945938,17
349,55945,16997,Reinforced Concrete Pipe,138.729067,24, , ,138.73, , , , , , , , , ,Pre-SWQDC, ,"Constructed, existing ROW",City and County of Honolulu,Pre-SWQDC,Pre-SWQDC,jnolan, ,TRUE, ,138.729067,924,-157.7563131,21.28741244,59
348,55945,16997,Reinforced Concrete Pipe,138.729067,24, , ,138.73, , , , , , , , , ,Pre-SWQDC, ,"Constructed, existing ROW",City and County of Honolulu,Pre-SWQDC,Pre-SWQDC,jnolan, ,TRUE, ,138.729067,924,-157.7559618,21.28760592,8
409,57140,60022,Channel,171.6542384, , , , , , , , , , , , , ,15551, , ,City and County of Honolulu,SWQDC Other,SWQDC,jnolan,Edited by Parcels,TRUE, ,171.6542384,944,-157.7553108,21.29301754,7
408,57140,60022,Channel,171.6542384, , , , , , , , , , , , , ,15551, , ,City and County of Honolulu,SWQDC Other,SWQDC,jnolan,Edited by Parcels,TRUE, ,171.6542384,944,-157.7552687,21.29301748,7
407,57140,60022,Channel,171.6542384, , , , , , , , , , , , , ,15551, , ,City and County of Honolulu,SWQDC Other,SWQDC,jnolan,Edited by Parcels,TRUE, ,171.6542384,944,-157.754863,21.29322479,7
410,57141,60043,Channel,424.7980779, , , , , , , , , , , , , ,18153, , ,City and County of Honolulu,SWQDC Other,SWQDC,jnolan,TYPE=Drainage Canal; edited by Parcels,TRUE, ,424.7980779,945,-157.7558587,21.29776398,12
411,57141,60043,Channel,424.7980779, , , , , , , , , , , , , ,18153, , ,City and County of Honolulu,SWQDC Other,SWQDC,jnolan,TYPE=Drainage Canal; edited by Parcels,TRUE, ,424.7980779,945,-157.7555572,21.29668483,88
412,57141,60043,Channel,424.7980779, , , , , , , , , , , , , ,18153, , ,City and County of Honolulu,SWQDC Other,SWQDC,jnolan,TYPE=Drainage Canal; edited by Parcels,TRUE, ,424.7980779,945,-157.7555439,21.29663239,88